source_url,target_url,status_code,preserve_query_string,subpath_matching,preserve_path_suffix
https://redkmotors.fr/mecanique.html,https://redkmotors.fr/mecanique/,301,TRUE,FALSE,FALSE
https://redkmotors.fr/carrosserie.html,https://redkmotors.fr/carrosserie/,301,TRUE,FALSE,FALSE
https://redkmotors.fr/entretien.html,https://redkmotors.fr/entretien/,301,TRUE,FALSE,FALSE
https://redkmotors.fr/pneumatiques.html,https://redkmotors.fr/pneumatiques/,301,TRUE,FALSE,FALSE
https://redkmotors.fr/achat-revente.html,https://redkmotors.fr/achat-revente/,301,TRUE,FALSE,FALSE
https://redkmotors.fr/location.html,https://redkmotors.fr/location/,301,TRUE,FALSE,FALSE
https://redkmotors.fr/contact.html,https://redkmotors.fr/contact/,301,TRUE,FALSE,FALSE
https://redkmotors.fr/processus.html,https://redkmotors.fr/processus/,301,TRUE,FALSE,FALSE
https://redkmotors.fr/confidentialite.html,https://redkmotors.fr/confidentialite/,301,TRUE,FALSE,FALSE
https://redkmotors.fr/cookies.html,https://redkmotors.fr/cookies/,301,TRUE,FALSE,FALSE
https://redkmotors.fr/mentions-legales.html,https://redkmotors.fr/mentions-legales/,301,TRUE,FALSE,FALSE
https://redkmotors.fr/blog/5-points-controle-avant-ct-ivry.html,https://redkmotors.fr/blog/5-points-controle-avant-ct-ivry/,301,TRUE,FALSE,FALSE
https://redkmotors.fr/blog/tag/mecanique/confidentialite.html,https://redkmotors.fr/confidentialite/,301,TRUE,FALSE,FALSE
https://redkmotors.fr/liens/,https://redkmotors.fr/links/,301,TRUE,FALSE,FALSE
https://redkmotors.fr/liens,https://redkmotors.fr/links/,301,TRUE,FALSE,FALSE
https://redkmotors.fr/blog/tag/freinage/,https://redkmotors.fr/blog/tag/freins/,301,TRUE,FALSE,FALSE
https://redkmotors.fr/blog/tag/freinage,https://redkmotors.fr/blog/tag/freins/,301,TRUE,FALSE,FALSE
https://redkmotors.fr/blog/tag/pneus/,https://redkmotors.fr/blog/tag/pneumatiques/,301,TRUE,FALSE,FALSE
https://redkmotors.fr/blog/tag/pneus,https://redkmotors.fr/blog/tag/pneumatiques/,301,TRUE,FALSE,FALSE
https://redkmotors.fr/garage-proche-maisons-alfort/,https://redkmotors.fr/maisons-alfort/,301,TRUE,FALSE,FALSE
https://redkmotors.fr/garage-proche-maisons-alfort,https://redkmotors.fr/maisons-alfort/,301,TRUE,FALSE,FALSE
https://redkmotors.fr/garage-proche-arcueil/,https://redkmotors.fr/kremlin-bicetre/,301,TRUE,FALSE,FALSE
https://redkmotors.fr/garage-proche-arcueil,https://redkmotors.fr/kremlin-bicetre/,301,TRUE,FALSE,FALSE
https://redkmotors.fr/garage-proche-cachan/,https://redkmotors.fr/kremlin-bicetre/,301,TRUE,FALSE,FALSE
https://redkmotors.fr/garage-proche-cachan,https://redkmotors.fr/kremlin-bicetre/,301,TRUE,FALSE,FALSE
https://redkmotors.fr/garage-proche-choisy-le-roi/,https://redkmotors.fr/diagnostic-auto-choisy-le-roi/,301,TRUE,FALSE,FALSE
https://redkmotors.fr/garage-proche-choisy-le-roi,https://redkmotors.fr/diagnostic-auto-choisy-le-roi/,301,TRUE,FALSE,FALSE
https://redkmotors.fr/garage-proche-creteil/,https://redkmotors.fr/vitry-sur-seine/,301,TRUE,FALSE,FALSE
https://redkmotors.fr/garage-proche-creteil,https://redkmotors.fr/vitry-sur-seine/,301,TRUE,FALSE,FALSE
https://redkmotors.fr/garage-proche-fontenay-sous-bois/,https://redkmotors.fr/paris-13/,301,TRUE,FALSE,FALSE
https://redkmotors.fr/garage-proche-fontenay-sous-bois,https://redkmotors.fr/paris-13/,301,TRUE,FALSE,FALSE
https://redkmotors.fr/garage-proche-gentilly/,https://redkmotors.fr/garage-ivry-sur-seine/,301,TRUE,FALSE,FALSE
https://redkmotors.fr/garage-proche-gentilly,https://redkmotors.fr/garage-ivry-sur-seine/,301,TRUE,FALSE,FALSE
https://redkmotors.fr/garage-proche-joinville-le-pont/,https://redkmotors.fr/charenton-le-pont/,301,TRUE,FALSE,FALSE
https://redkmotors.fr/garage-proche-joinville-le-pont,https://redkmotors.fr/charenton-le-pont/,301,TRUE,FALSE,FALSE
https://redkmotors.fr/garage-proche-lhay-les-roses/,https://redkmotors.fr/garage-ivry-sur-seine/,301,TRUE,FALSE,FALSE
https://redkmotors.fr/garage-proche-lhay-les-roses,https://redkmotors.fr/garage-ivry-sur-seine/,301,TRUE,FALSE,FALSE
https://redkmotors.fr/garage-proche-le-perreux-sur-marne/,https://redkmotors.fr/garage-ivry-sur-seine/,301,TRUE,FALSE,FALSE
https://redkmotors.fr/garage-proche-le-perreux-sur-marne,https://redkmotors.fr/garage-ivry-sur-seine/,301,TRUE,FALSE,FALSE
https://redkmotors.fr/garage-proche-nogent-sur-marne/,https://redkmotors.fr/garage-ivry-sur-seine/,301,TRUE,FALSE,FALSE
https://redkmotors.fr/garage-proche-nogent-sur-marne,https://redkmotors.fr/garage-ivry-sur-seine/,301,TRUE,FALSE,FALSE
https://redkmotors.fr/garage-proche-orly/,https://redkmotors.fr/garage-ivry-sur-seine/,301,TRUE,FALSE,FALSE
https://redkmotors.fr/garage-proche-orly,https://redkmotors.fr/garage-ivry-sur-seine/,301,TRUE,FALSE,FALSE
https://redkmotors.fr/garage-proche-rungis/,https://redkmotors.fr/garage-ivry-sur-seine/,301,TRUE,FALSE,FALSE
https://redkmotors.fr/garage-proche-rungis,https://redkmotors.fr/garage-ivry-sur-seine/,301,TRUE,FALSE,FALSE
https://redkmotors.fr/garage-proche-saint-mande/,https://redkmotors.fr/paris-13/,301,TRUE,FALSE,FALSE
https://redkmotors.fr/garage-proche-saint-mande,https://redkmotors.fr/paris-13/,301,TRUE,FALSE,FALSE
https://redkmotors.fr/garage-proche-thiais/,https://redkmotors.fr/vitry-sur-seine/,301,TRUE,FALSE,FALSE
https://redkmotors.fr/garage-proche-thiais,https://redkmotors.fr/vitry-sur-seine/,301,TRUE,FALSE,FALSE
https://redkmotors.fr/garage-proche-vincennes/,https://redkmotors.fr/paris-13/,301,TRUE,FALSE,FALSE
https://redkmotors.fr/garage-proche-vincennes,https://redkmotors.fr/paris-13/,301,TRUE,FALSE,FALSE
https://redkmotors.fr/blog/tag/revision-auto/,https://redkmotors.fr/blog/tag/revision/,301,TRUE,FALSE,FALSE
https://redkmotors.fr/blog/tag/revision-auto,https://redkmotors.fr/blog/tag/revision/,301,TRUE,FALSE,FALSE
https://redkmotors.fr/blog/tag/plaquettes/,https://redkmotors.fr/blog/tag/freins/,301,TRUE,FALSE,FALSE
https://redkmotors.fr/blog/tag/plaquettes,https://redkmotors.fr/blog/tag/freins/,301,TRUE,FALSE,FALSE
https://redkmotors.fr/blog/tag/climatisation/,https://redkmotors.fr/blog/tag/entretien/,301,TRUE,FALSE,FALSE
https://redkmotors.fr/blog/tag/climatisation,https://redkmotors.fr/blog/tag/entretien/,301,TRUE,FALSE,FALSE
https://redkmotors.fr/blog/tag/tarifs/,https://redkmotors.fr/blog/tag/conseils-auto/,301,TRUE,FALSE,FALSE
https://redkmotors.fr/blog/tag/tarifs,https://redkmotors.fr/blog/tag/conseils-auto/,301,TRUE,FALSE,FALSE
https://redkmotors.fr/blog/tag/embrayage/,https://redkmotors.fr/blog/tag/mecanique/,301,TRUE,FALSE,FALSE
https://redkmotors.fr/blog/tag/embrayage,https://redkmotors.fr/blog/tag/mecanique/,301,TRUE,FALSE,FALSE
https://redkmotors.fr/blog/tag/suspension/,https://redkmotors.fr/blog/tag/mecanique/,301,TRUE,FALSE,FALSE
https://redkmotors.fr/blog/tag/suspension,https://redkmotors.fr/blog/tag/mecanique/,301,TRUE,FALSE,FALSE
https://redkmotors.fr/blog/tag/ivry-sur-seine/,https://redkmotors.fr/blog/tag/conseils-auto/,301,TRUE,FALSE,FALSE
https://redkmotors.fr/blog/tag/ivry-sur-seine,https://redkmotors.fr/blog/tag/conseils-auto/,301,TRUE,FALSE,FALSE
https://redkmotors.fr/blog/tag/reparation/,https://redkmotors.fr/blog/tag/mecanique/,301,TRUE,FALSE,FALSE
https://redkmotors.fr/blog/tag/reparation,https://redkmotors.fr/blog/tag/mecanique/,301,TRUE,FALSE,FALSE
https://redkmotors.fr/blog/tag/pollution/,https://redkmotors.fr/blog/tag/moteur/,301,TRUE,FALSE,FALSE
https://redkmotors.fr/blog/tag/pollution,https://redkmotors.fr/blog/tag/moteur/,301,TRUE,FALSE,FALSE
https://redkmotors.fr/blog/tag/allumage/,https://redkmotors.fr/blog/tag/moteur/,301,TRUE,FALSE,FALSE
https://redkmotors.fr/blog/tag/allumage,https://redkmotors.fr/blog/tag/moteur/,301,TRUE,FALSE,FALSE
https://redkmotors.fr/blog/tag/refroidissement/,https://redkmotors.fr/blog/tag/moteur/,301,TRUE,FALSE,FALSE
https://redkmotors.fr/blog/tag/refroidissement,https://redkmotors.fr/blog/tag/moteur/,301,TRUE,FALSE,FALSE
https://redkmotors.fr/blog/tag/courroie/,https://redkmotors.fr/blog/tag/mecanique/,301,TRUE,FALSE,FALSE
https://redkmotors.fr/blog/tag/courroie,https://redkmotors.fr/blog/tag/mecanique/,301,TRUE,FALSE,FALSE
https://redkmotors.fr/blog/tag/turbo/,https://redkmotors.fr/blog/tag/moteur/,301,TRUE,FALSE,FALSE
https://redkmotors.fr/blog/tag/turbo,https://redkmotors.fr/blog/tag/moteur/,301,TRUE,FALSE,FALSE
https://redkmotors.fr/blog/tag/electricite/,https://redkmotors.fr/blog/tag/diagnostic/,301,TRUE,FALSE,FALSE
https://redkmotors.fr/blog/tag/electricite,https://redkmotors.fr/blog/tag/diagnostic/,301,TRUE,FALSE,FALSE
https://redkmotors.fr/blog/tag/boite-automatique/,https://redkmotors.fr/blog/tag/entretien/,301,TRUE,FALSE,FALSE
https://redkmotors.fr/blog/tag/boite-automatique,https://redkmotors.fr/blog/tag/entretien/,301,TRUE,FALSE,FALSE
https://redkmotors.fr/blog/tag/batterie/,https://redkmotors.fr/blog/tag/mecanique/,301,TRUE,FALSE,FALSE
https://redkmotors.fr/blog/tag/batterie,https://redkmotors.fr/blog/tag/mecanique/,301,TRUE,FALSE,FALSE
https://redkmotors.fr/blog/tag/diesel/,https://redkmotors.fr/blog/tag/moteur/,301,TRUE,FALSE,FALSE
https://redkmotors.fr/blog/tag/diesel,https://redkmotors.fr/blog/tag/moteur/,301,TRUE,FALSE,FALSE
https://redkmotors.fr/revision/,https://redkmotors.fr/entretien/,301,TRUE,FALSE,FALSE
https://redkmotors.fr/revision,https://redkmotors.fr/entretien/,301,TRUE,FALSE,FALSE
https://redkmotors.fr/lp-diagnostic/,https://redkmotors.fr/diagnostic/,301,TRUE,FALSE,FALSE
https://redkmotors.fr/lp-diagnostic,https://redkmotors.fr/diagnostic/,301,TRUE,FALSE,FALSE
https://redkmotors.fr/lp-freinage/,https://redkmotors.fr/freins/,301,TRUE,FALSE,FALSE
https://redkmotors.fr/lp-freinage,https://redkmotors.fr/freins/,301,TRUE,FALSE,FALSE
https://redkmotors.fr/lp-revision/,https://redkmotors.fr/entretien/,301,TRUE,FALSE,FALSE
https://redkmotors.fr/lp-revision,https://redkmotors.fr/entretien/,301,TRUE,FALSE,FALSE
https://redkmotors.fr/lp-carrosserie/,https://redkmotors.fr/carrosserie/,301,TRUE,FALSE,FALSE
https://redkmotors.fr/lp-carrosserie,https://redkmotors.fr/carrosserie/,301,TRUE,FALSE,FALSE
https://redkmotors.fr/blog/adblue-voyant-panne-diesel.html,https://redkmotors.fr/blog/adblue-voyant-panne-diesel/,301,TRUE,FALSE,FALSE
https://redkmotors.fr/blog/alternateur-hs-symptomes.html,https://redkmotors.fr/blog/alternateur-hs-symptomes/,301,TRUE,FALSE,FALSE
https://redkmotors.fr/blog/amortisseurs-usures-symptomes.html,https://redkmotors.fr/blog/amortisseurs-usures-symptomes/,301,TRUE,FALSE,FALSE
https://redkmotors.fr/blog/batterie-morte-matin-que-faire.html,https://redkmotors.fr/blog/batterie-morte-matin-que-faire/,301,TRUE,FALSE,FALSE
https://redkmotors.fr/blog/batterie-start-stop-usure-prematuree.html,https://redkmotors.fr/blog/batterie-start-stop-usure-prematuree/,301,TRUE,FALSE,FALSE
https://redkmotors.fr/blog/batterie-voiture-quand-changer.html,https://redkmotors.fr/blog/batterie-voiture-quand-changer/,301,TRUE,FALSE,FALSE
https://redkmotors.fr/blog/bougies-allumage-quand-changer.html,https://redkmotors.fr/blog/bougies-allumage-quand-changer/,301,TRUE,FALSE,FALSE
https://redkmotors.fr/blog/bruit-anormal-voiture-que-faire.html,https://redkmotors.fr/blog/bruit-anormal-voiture-que-faire/,301,TRUE,FALSE,FALSE
https://redkmotors.fr/blog/cardan-qui-claque-causes.html,https://redkmotors.fr/blog/cardan-qui-claque-causes/,301,TRUE,FALSE,FALSE
https://redkmotors.fr/blog/catalyseur-bouche-symptomes-causes.html,https://redkmotors.fr/blog/catalyseur-bouche-symptomes-causes/,301,TRUE,FALSE,FALSE
https://redkmotors.fr/blog/clim-odeur-moisi-que-faire.html,https://redkmotors.fr/blog/clim-odeur-moisi-que-faire/,301,TRUE,FALSE,FALSE
https://redkmotors.fr/blog/climatisation-voiture-recharge-ivry.html,https://redkmotors.fr/blog/climatisation-voiture-recharge-ivry/,301,TRUE,FALSE,FALSE
https://redkmotors.fr/blog/combien-coute-vidange-voiture.html,https://redkmotors.fr/blog/combien-coute-vidange-voiture/,301,TRUE,FALSE,FALSE
https://redkmotors.fr/blog/combien-temps-entre-deux-vidanges.html,https://redkmotors.fr/blog/combien-temps-entre-deux-vidanges/,301,TRUE,FALSE,FALSE
https://redkmotors.fr/blog/compresseur-clim-mort-symptomes.html,https://redkmotors.fr/blog/compresseur-clim-mort-symptomes/,301,TRUE,FALSE,FALSE
https://redkmotors.fr/blog/consommation-huile-anormale-causes.html,https://redkmotors.fr/blog/consommation-huile-anormale-causes/,301,TRUE,FALSE,FALSE
https://redkmotors.fr/blog/controle-antipollution-refuse-que-faire.html,https://redkmotors.fr/blog/controle-antipollution-refuse-que-faire/,301,TRUE,FALSE,FALSE
https://redkmotors.fr/blog/controle-technique-2026-nouveautes.html,https://redkmotors.fr/blog/controle-technique-2026-nouveautes/,301,TRUE,FALSE,FALSE
https://redkmotors.fr/blog/courroie-accessoires-symptomes-usure.html,https://redkmotors.fr/blog/courroie-accessoires-symptomes-usure/,301,TRUE,FALSE,FALSE
https://redkmotors.fr/blog/courroie-distribution-quand-changer-94.html,https://redkmotors.fr/blog/courroie-distribution-quand-changer-94/,301,TRUE,FALSE,FALSE
https://redkmotors.fr/blog/crevaison-reparer-ou-changer-pneu.html,https://redkmotors.fr/blog/crevaison-reparer-ou-changer-pneu/,301,TRUE,FALSE,FALSE
https://redkmotors.fr/blog/debosselage-sans-peinture-dsp.html,https://redkmotors.fr/blog/debosselage-sans-peinture-dsp/,301,TRUE,FALSE,FALSE
https://redkmotors.fr/blog/decalaminage-moteur-utile-ou-arnaque.html,https://redkmotors.fr/blog/decalaminage-moteur-utile-ou-arnaque/,301,TRUE,FALSE,FALSE
https://redkmotors.fr/blog/demarreur-hs-symptomes.html,https://redkmotors.fr/blog/demarreur-hs-symptomes/,301,TRUE,FALSE,FALSE
https://redkmotors.fr/blog/direction-assistee-dure-grincements.html,https://redkmotors.fr/blog/direction-assistee-dure-grincements/,301,TRUE,FALSE,FALSE
https://redkmotors.fr/blog/disques-frein-voiles-usure-signes.html,https://redkmotors.fr/blog/disques-frein-voiles-usure-signes/,301,TRUE,FALSE,FALSE
https://redkmotors.fr/blog/embrayage-qui-patine-causes.html,https://redkmotors.fr/blog/embrayage-qui-patine-causes/,301,TRUE,FALSE,FALSE
https://redkmotors.fr/blog/entretien-voiture-eviter-pannes-ivry.html,https://redkmotors.fr/blog/entretien-voiture-eviter-pannes-ivry/,301,TRUE,FALSE,FALSE
https://redkmotors.fr/blog/fap-dpf-encrasse-trajets-ville.html,https://redkmotors.fr/blog/fap-dpf-encrasse-trajets-ville/,301,TRUE,FALSE,FALSE
https://redkmotors.fr/blog/filtre-gasoil-quand-changer.html,https://redkmotors.fr/blog/filtre-gasoil-quand-changer/,301,TRUE,FALSE,FALSE
https://redkmotors.fr/blog/filtre-habitacle-pollen-quand-changer.html,https://redkmotors.fr/blog/filtre-habitacle-pollen-quand-changer/,301,TRUE,FALSE,FALSE
https://redkmotors.fr/blog/freinage-mou-pedale-spongieuse.html,https://redkmotors.fr/blog/freinage-mou-pedale-spongieuse/,301,TRUE,FALSE,FALSE
https://redkmotors.fr/blog/fuite-huile-moteur-causes-que-faire.html,https://redkmotors.fr/blog/fuite-huile-moteur-causes-que-faire/,301,TRUE,FALSE,FALSE
https://redkmotors.fr/blog/fuite-liquide-frein-reconnaitre.html,https://redkmotors.fr/blog/fuite-liquide-frein-reconnaitre/,301,TRUE,FALSE,FALSE
https://redkmotors.fr/blog/fumee-blanche-echappement-que-faire.html,https://redkmotors.fr/blog/fumee-blanche-echappement-que-faire/,301,TRUE,FALSE,FALSE
https://redkmotors.fr/blog/fumee-bleue-echappement-causes.html,https://redkmotors.fr/blog/fumee-bleue-echappement-causes/,301,TRUE,FALSE,FALSE
https://redkmotors.fr/blog/garage-independant-vs-concessionnaire.html,https://redkmotors.fr/blog/garage-independant-vs-concessionnaire/,301,TRUE,FALSE,FALSE
https://redkmotors.fr/blog/geometrie-roues-signes-mauvais-alignement.html,https://redkmotors.fr/blog/geometrie-roues-signes-mauvais-alignement/,301,TRUE,FALSE,FALSE
https://redkmotors.fr/blog/injecteurs-encrasses-symptomes.html,https://redkmotors.fr/blog/injecteurs-encrasses-symptomes/,301,TRUE,FALSE,FALSE
https://redkmotors.fr/blog/joint-culasse-signes-symptomes.html,https://redkmotors.fr/blog/joint-culasse-signes-symptomes/,301,TRUE,FALSE,FALSE
https://redkmotors.fr/blog/liquide-frein-quand-changer.html,https://redkmotors.fr/blog/liquide-frein-quand-changer/,301,TRUE,FALSE,FALSE
https://redkmotors.fr/blog/liquide-refroidissement-quand-verifier.html,https://redkmotors.fr/blog/liquide-refroidissement-quand-verifier/,301,TRUE,FALSE,FALSE
https://redkmotors.fr/blog/pare-brise-fissure-controle-technique.html,https://redkmotors.fr/blog/pare-brise-fissure-controle-technique/,301,TRUE,FALSE,FALSE
https://redkmotors.fr/blog/peinture-localisee-retouche-carrosserie.html,https://redkmotors.fr/blog/peinture-localisee-retouche-carrosserie/,301,TRUE,FALSE,FALSE
https://redkmotors.fr/blog/perte-puissance-soudaine-causes.html,https://redkmotors.fr/blog/perte-puissance-soudaine-causes/,301,TRUE,FALSE,FALSE
https://redkmotors.fr/blog/plaquettes-frein-usure-signaux-a-ne-pas-ignorer.html,https://redkmotors.fr/blog/plaquettes-frein-usure-signaux-a-ne-pas-ignorer/,301,TRUE,FALSE,FALSE
https://redkmotors.fr/blog/pneus-ete-quand-passer-hiver-ile-de-france.html,https://redkmotors.fr/blog/pneus-ete-quand-passer-hiver-ile-de-france/,301,TRUE,FALSE,FALSE
https://redkmotors.fr/blog/preparer-voiture-hiver-conseils.html,https://redkmotors.fr/blog/preparer-voiture-hiver-conseils/,301,TRUE,FALSE,FALSE
https://redkmotors.fr/blog/prix-changement-batterie-94.html,https://redkmotors.fr/blog/prix-changement-batterie-94/,301,TRUE,FALSE,FALSE
https://redkmotors.fr/blog/prix-changement-embrayage-94.html,https://redkmotors.fr/blog/prix-changement-embrayage-94/,301,TRUE,FALSE,FALSE
https://redkmotors.fr/blog/prix-changement-plaquettes-frein-94.html,https://redkmotors.fr/blog/prix-changement-plaquettes-frein-94/,301,TRUE,FALSE,FALSE
https://redkmotors.fr/blog/prix-changement-pneus-94.html,https://redkmotors.fr/blog/prix-changement-pneus-94/,301,TRUE,FALSE,FALSE
https://redkmotors.fr/blog/prix-diagnostic-auto-94.html,https://redkmotors.fr/blog/prix-diagnostic-auto-94/,301,TRUE,FALSE,FALSE
https://redkmotors.fr/blog/prix-geometrie-parallelisme-94.html,https://redkmotors.fr/blog/prix-geometrie-parallelisme-94/,301,TRUE,FALSE,FALSE
https://redkmotors.fr/blog/prix-kit-distribution-94.html,https://redkmotors.fr/blog/prix-kit-distribution-94/,301,TRUE,FALSE,FALSE
https://redkmotors.fr/blog/prix-pre-controle-technique-ivry.html,https://redkmotors.fr/blog/prix-pre-controle-technique-ivry/,301,TRUE,FALSE,FALSE
https://redkmotors.fr/blog/prix-recharge-climatisation-94.html,https://redkmotors.fr/blog/prix-recharge-climatisation-94/,301,TRUE,FALSE,FALSE
https://redkmotors.fr/blog/quand-changer-pneus-usure-securite.html,https://redkmotors.fr/blog/quand-changer-pneus-usure-securite/,301,TRUE,FALSE,FALSE
https://redkmotors.fr/blog/que-faire-apres-accident-carrosserie.html,https://redkmotors.fr/blog/que-faire-apres-accident-carrosserie/,301,TRUE,FALSE,FALSE
https://redkmotors.fr/blog/rayure-carrosserie-quand-reparer.html,https://redkmotors.fr/blog/rayure-carrosserie-quand-reparer/,301,TRUE,FALSE,FALSE
https://redkmotors.fr/blog/revision-60000-km-checklist.html,https://redkmotors.fr/blog/revision-60000-km-checklist/,301,TRUE,FALSE,FALSE
https://redkmotors.fr/blog/revision-constructeur-que-comprend-vraiment-service.html,https://redkmotors.fr/blog/revision-constructeur-que-comprend-vraiment-service/,301,TRUE,FALSE,FALSE
https://redkmotors.fr/blog/revision-garage-independant-garantie-constructeur.html,https://redkmotors.fr/blog/revision-garage-independant-garantie-constructeur/,301,TRUE,FALSE,FALSE
https://redkmotors.fr/blog/revision-kilometrage-usage-urbain-94.html,https://redkmotors.fr/blog/revision-kilometrage-usage-urbain-94/,301,TRUE,FALSE,FALSE
https://redkmotors.fr/blog/rotule-biellette-direction-quand-changer.html,https://redkmotors.fr/blog/rotule-biellette-direction-quand-changer/,301,TRUE,FALSE,FALSE
https://redkmotors.fr/blog/roulement-roue-sifflement-symptomes.html,https://redkmotors.fr/blog/roulement-roue-sifflement-symptomes/,301,TRUE,FALSE,FALSE
https://redkmotors.fr/blog/silentblocs-triangles-suspension-usure.html,https://redkmotors.fr/blog/silentblocs-triangles-suspension-usure/,301,TRUE,FALSE,FALSE
https://redkmotors.fr/blog/suppression-fap-controle-technique-2026.html,https://redkmotors.fr/blog/suppression-fap-controle-technique-2026/,301,TRUE,FALSE,FALSE
https://redkmotors.fr/blog/surchauffe-moteur-que-faire.html,https://redkmotors.fr/blog/surchauffe-moteur-que-faire/,301,TRUE,FALSE,FALSE
https://redkmotors.fr/blog/turbo-compresseur-symptomes-panne.html,https://redkmotors.fr/blog/turbo-compresseur-symptomes-panne/,301,TRUE,FALSE,FALSE
https://redkmotors.fr/blog/vanne-egr-encrassee-symptomes.html,https://redkmotors.fr/blog/vanne-egr-encrassee-symptomes/,301,TRUE,FALSE,FALSE
https://redkmotors.fr/blog/vidange-boite-automatique-quand-faire.html,https://redkmotors.fr/blog/vidange-boite-automatique-quand-faire/,301,TRUE,FALSE,FALSE
https://redkmotors.fr/blog/voiture-broute-acceleration-causes-94.html,https://redkmotors.fr/blog/voiture-broute-acceleration-causes-94/,301,TRUE,FALSE,FALSE
https://redkmotors.fr/blog/voiture-ne-demarre-pas-causes.html,https://redkmotors.fr/blog/voiture-ne-demarre-pas-causes/,301,TRUE,FALSE,FALSE
https://redkmotors.fr/blog/voiture-occasion-checklist-achat.html,https://redkmotors.fr/blog/voiture-occasion-checklist-achat/,301,TRUE,FALSE,FALSE
https://redkmotors.fr/blog/volant-qui-vibre-causes.html,https://redkmotors.fr/blog/volant-qui-vibre-causes/,301,TRUE,FALSE,FALSE
https://redkmotors.fr/blog/voyant-abs-allume-causes-conduite.html,https://redkmotors.fr/blog/voyant-abs-allume-causes-conduite/,301,TRUE,FALSE,FALSE
https://redkmotors.fr/blog/voyant-moteur-allume-que-faire.html,https://redkmotors.fr/blog/voyant-moteur-allume-que-faire/,301,TRUE,FALSE,FALSE
https://redkmotors.fr/achat-revente,https://redkmotors.fr/achat-revente/,301,TRUE,FALSE,FALSE
https://redkmotors.fr/alfortville,https://redkmotors.fr/alfortville/,301,TRUE,FALSE,FALSE
https://redkmotors.fr/blog,https://redkmotors.fr/blog/,301,TRUE,FALSE,FALSE
https://redkmotors.fr/blog/5-points-controle-avant-ct-ivry,https://redkmotors.fr/blog/5-points-controle-avant-ct-ivry/,301,TRUE,FALSE,FALSE
https://redkmotors.fr/blog/adblue-voyant-panne-diesel,https://redkmotors.fr/blog/adblue-voyant-panne-diesel/,301,TRUE,FALSE,FALSE
https://redkmotors.fr/blog/alternateur-hs-symptomes,https://redkmotors.fr/blog/alternateur-hs-symptomes/,301,TRUE,FALSE,FALSE
https://redkmotors.fr/blog/amortisseurs-usures-symptomes,https://redkmotors.fr/blog/amortisseurs-usures-symptomes/,301,TRUE,FALSE,FALSE
https://redkmotors.fr/blog/batterie-morte-matin-que-faire,https://redkmotors.fr/blog/batterie-morte-matin-que-faire/,301,TRUE,FALSE,FALSE
https://redkmotors.fr/blog/batterie-start-stop-usure-prematuree,https://redkmotors.fr/blog/batterie-start-stop-usure-prematuree/,301,TRUE,FALSE,FALSE
https://redkmotors.fr/blog/batterie-voiture-quand-changer,https://redkmotors.fr/blog/batterie-voiture-quand-changer/,301,TRUE,FALSE,FALSE
https://redkmotors.fr/blog/bougies-allumage-quand-changer,https://redkmotors.fr/blog/bougies-allumage-quand-changer/,301,TRUE,FALSE,FALSE
https://redkmotors.fr/blog/bruit-anormal-voiture-que-faire,https://redkmotors.fr/blog/bruit-anormal-voiture-que-faire/,301,TRUE,FALSE,FALSE
https://redkmotors.fr/blog/cardan-qui-claque-causes,https://redkmotors.fr/blog/cardan-qui-claque-causes/,301,TRUE,FALSE,FALSE
https://redkmotors.fr/blog/catalyseur-bouche-symptomes-causes,https://redkmotors.fr/blog/catalyseur-bouche-symptomes-causes/,301,TRUE,FALSE,FALSE
https://redkmotors.fr/blog/clim-odeur-moisi-que-faire,https://redkmotors.fr/blog/clim-odeur-moisi-que-faire/,301,TRUE,FALSE,FALSE
https://redkmotors.fr/blog/climatisation-voiture-recharge-ivry,https://redkmotors.fr/blog/climatisation-voiture-recharge-ivry/,301,TRUE,FALSE,FALSE
https://redkmotors.fr/blog/combien-coute-vidange-voiture,https://redkmotors.fr/blog/combien-coute-vidange-voiture/,301,TRUE,FALSE,FALSE
https://redkmotors.fr/blog/combien-temps-entre-deux-vidanges,https://redkmotors.fr/blog/combien-temps-entre-deux-vidanges/,301,TRUE,FALSE,FALSE
https://redkmotors.fr/blog/compresseur-clim-mort-symptomes,https://redkmotors.fr/blog/compresseur-clim-mort-symptomes/,301,TRUE,FALSE,FALSE
https://redkmotors.fr/blog/consommation-huile-anormale-causes,https://redkmotors.fr/blog/consommation-huile-anormale-causes/,301,TRUE,FALSE,FALSE
https://redkmotors.fr/blog/controle-antipollution-refuse-que-faire,https://redkmotors.fr/blog/controle-antipollution-refuse-que-faire/,301,TRUE,FALSE,FALSE
https://redkmotors.fr/blog/controle-technique-2026-nouveautes,https://redkmotors.fr/blog/controle-technique-2026-nouveautes/,301,TRUE,FALSE,FALSE
https://redkmotors.fr/blog/courroie-accessoires-symptomes-usure,https://redkmotors.fr/blog/courroie-accessoires-symptomes-usure/,301,TRUE,FALSE,FALSE
https://redkmotors.fr/blog/courroie-distribution-quand-changer-94,https://redkmotors.fr/blog/courroie-distribution-quand-changer-94/,301,TRUE,FALSE,FALSE
https://redkmotors.fr/blog/crevaison-reparer-ou-changer-pneu,https://redkmotors.fr/blog/crevaison-reparer-ou-changer-pneu/,301,TRUE,FALSE,FALSE
https://redkmotors.fr/blog/debosselage-sans-peinture-dsp,https://redkmotors.fr/blog/debosselage-sans-peinture-dsp/,301,TRUE,FALSE,FALSE
https://redkmotors.fr/blog/decalaminage-moteur-utile-ou-arnaque,https://redkmotors.fr/blog/decalaminage-moteur-utile-ou-arnaque/,301,TRUE,FALSE,FALSE
https://redkmotors.fr/blog/demarreur-hs-symptomes,https://redkmotors.fr/blog/demarreur-hs-symptomes/,301,TRUE,FALSE,FALSE
https://redkmotors.fr/blog/direction-assistee-dure-grincements,https://redkmotors.fr/blog/direction-assistee-dure-grincements/,301,TRUE,FALSE,FALSE
https://redkmotors.fr/blog/disques-frein-voiles-usure-signes,https://redkmotors.fr/blog/disques-frein-voiles-usure-signes/,301,TRUE,FALSE,FALSE
https://redkmotors.fr/blog/embrayage-qui-patine-causes,https://redkmotors.fr/blog/embrayage-qui-patine-causes/,301,TRUE,FALSE,FALSE
https://redkmotors.fr/blog/entretien-voiture-eviter-pannes-ivry,https://redkmotors.fr/blog/entretien-voiture-eviter-pannes-ivry/,301,TRUE,FALSE,FALSE
https://redkmotors.fr/blog/fap-dpf-encrasse-trajets-ville,https://redkmotors.fr/blog/fap-dpf-encrasse-trajets-ville/,301,TRUE,FALSE,FALSE
https://redkmotors.fr/blog/filtre-gasoil-quand-changer,https://redkmotors.fr/blog/filtre-gasoil-quand-changer/,301,TRUE,FALSE,FALSE
https://redkmotors.fr/blog/filtre-habitacle-pollen-quand-changer,https://redkmotors.fr/blog/filtre-habitacle-pollen-quand-changer/,301,TRUE,FALSE,FALSE
https://redkmotors.fr/blog/freinage-mou-pedale-spongieuse,https://redkmotors.fr/blog/freinage-mou-pedale-spongieuse/,301,TRUE,FALSE,FALSE
https://redkmotors.fr/blog/fuite-huile-moteur-causes-que-faire,https://redkmotors.fr/blog/fuite-huile-moteur-causes-que-faire/,301,TRUE,FALSE,FALSE
https://redkmotors.fr/blog/fuite-liquide-frein-reconnaitre,https://redkmotors.fr/blog/fuite-liquide-frein-reconnaitre/,301,TRUE,FALSE,FALSE
https://redkmotors.fr/blog/fumee-blanche-echappement-que-faire,https://redkmotors.fr/blog/fumee-blanche-echappement-que-faire/,301,TRUE,FALSE,FALSE
https://redkmotors.fr/blog/fumee-bleue-echappement-causes,https://redkmotors.fr/blog/fumee-bleue-echappement-causes/,301,TRUE,FALSE,FALSE
https://redkmotors.fr/blog/garage-independant-vs-concessionnaire,https://redkmotors.fr/blog/garage-independant-vs-concessionnaire/,301,TRUE,FALSE,FALSE
https://redkmotors.fr/blog/geometrie-roues-signes-mauvais-alignement,https://redkmotors.fr/blog/geometrie-roues-signes-mauvais-alignement/,301,TRUE,FALSE,FALSE
https://redkmotors.fr/blog/injecteurs-encrasses-symptomes,https://redkmotors.fr/blog/injecteurs-encrasses-symptomes/,301,TRUE,FALSE,FALSE
https://redkmotors.fr/blog/joint-culasse-signes-symptomes,https://redkmotors.fr/blog/joint-culasse-signes-symptomes/,301,TRUE,FALSE,FALSE
https://redkmotors.fr/blog/liquide-frein-quand-changer,https://redkmotors.fr/blog/liquide-frein-quand-changer/,301,TRUE,FALSE,FALSE
https://redkmotors.fr/blog/liquide-refroidissement-quand-verifier,https://redkmotors.fr/blog/liquide-refroidissement-quand-verifier/,301,TRUE,FALSE,FALSE
https://redkmotors.fr/blog/page/1,https://redkmotors.fr/blog/page/1/,301,TRUE,FALSE,FALSE
https://redkmotors.fr/blog/page/2,https://redkmotors.fr/blog/page/2/,301,TRUE,FALSE,FALSE
https://redkmotors.fr/blog/page/3,https://redkmotors.fr/blog/page/3/,301,TRUE,FALSE,FALSE
https://redkmotors.fr/blog/pare-brise-fissure-controle-technique,https://redkmotors.fr/blog/pare-brise-fissure-controle-technique/,301,TRUE,FALSE,FALSE
https://redkmotors.fr/blog/peinture-localisee-retouche-carrosserie,https://redkmotors.fr/blog/peinture-localisee-retouche-carrosserie/,301,TRUE,FALSE,FALSE
https://redkmotors.fr/blog/perte-puissance-soudaine-causes,https://redkmotors.fr/blog/perte-puissance-soudaine-causes/,301,TRUE,FALSE,FALSE
https://redkmotors.fr/blog/plaquettes-frein-usure-signaux-a-ne-pas-ignorer,https://redkmotors.fr/blog/plaquettes-frein-usure-signaux-a-ne-pas-ignorer/,301,TRUE,FALSE,FALSE
https://redkmotors.fr/blog/pneus-ete-quand-passer-hiver-ile-de-france,https://redkmotors.fr/blog/pneus-ete-quand-passer-hiver-ile-de-france/,301,TRUE,FALSE,FALSE
https://redkmotors.fr/blog/preparer-voiture-hiver-conseils,https://redkmotors.fr/blog/preparer-voiture-hiver-conseils/,301,TRUE,FALSE,FALSE
https://redkmotors.fr/blog/prix-changement-batterie-94,https://redkmotors.fr/blog/prix-changement-batterie-94/,301,TRUE,FALSE,FALSE
https://redkmotors.fr/blog/prix-changement-embrayage-94,https://redkmotors.fr/blog/prix-changement-embrayage-94/,301,TRUE,FALSE,FALSE
https://redkmotors.fr/blog/prix-changement-plaquettes-frein-94,https://redkmotors.fr/blog/prix-changement-plaquettes-frein-94/,301,TRUE,FALSE,FALSE
https://redkmotors.fr/blog/prix-changement-pneus-94,https://redkmotors.fr/blog/prix-changement-pneus-94/,301,TRUE,FALSE,FALSE
https://redkmotors.fr/blog/prix-diagnostic-auto-94,https://redkmotors.fr/blog/prix-diagnostic-auto-94/,301,TRUE,FALSE,FALSE
https://redkmotors.fr/blog/prix-geometrie-parallelisme-94,https://redkmotors.fr/blog/prix-geometrie-parallelisme-94/,301,TRUE,FALSE,FALSE
https://redkmotors.fr/blog/prix-kit-distribution-94,https://redkmotors.fr/blog/prix-kit-distribution-94/,301,TRUE,FALSE,FALSE
https://redkmotors.fr/blog/prix-pre-controle-technique-ivry,https://redkmotors.fr/blog/prix-pre-controle-technique-ivry/,301,TRUE,FALSE,FALSE
https://redkmotors.fr/blog/prix-recharge-climatisation-94,https://redkmotors.fr/blog/prix-recharge-climatisation-94/,301,TRUE,FALSE,FALSE
https://redkmotors.fr/blog/quand-changer-pneus-usure-securite,https://redkmotors.fr/blog/quand-changer-pneus-usure-securite/,301,TRUE,FALSE,FALSE
https://redkmotors.fr/blog/que-faire-apres-accident-carrosserie,https://redkmotors.fr/blog/que-faire-apres-accident-carrosserie/,301,TRUE,FALSE,FALSE
https://redkmotors.fr/blog/rayure-carrosserie-quand-reparer,https://redkmotors.fr/blog/rayure-carrosserie-quand-reparer/,301,TRUE,FALSE,FALSE
https://redkmotors.fr/blog/revision-60000-km-checklist,https://redkmotors.fr/blog/revision-60000-km-checklist/,301,TRUE,FALSE,FALSE
https://redkmotors.fr/blog/revision-constructeur-que-comprend-vraiment-service,https://redkmotors.fr/blog/revision-constructeur-que-comprend-vraiment-service/,301,TRUE,FALSE,FALSE
https://redkmotors.fr/blog/revision-garage-independant-garantie-constructeur,https://redkmotors.fr/blog/revision-garage-independant-garantie-constructeur/,301,TRUE,FALSE,FALSE
https://redkmotors.fr/blog/revision-kilometrage-usage-urbain-94,https://redkmotors.fr/blog/revision-kilometrage-usage-urbain-94/,301,TRUE,FALSE,FALSE
https://redkmotors.fr/blog/rotule-biellette-direction-quand-changer,https://redkmotors.fr/blog/rotule-biellette-direction-quand-changer/,301,TRUE,FALSE,FALSE
https://redkmotors.fr/blog/roulement-roue-sifflement-symptomes,https://redkmotors.fr/blog/roulement-roue-sifflement-symptomes/,301,TRUE,FALSE,FALSE
https://redkmotors.fr/blog/silentblocs-triangles-suspension-usure,https://redkmotors.fr/blog/silentblocs-triangles-suspension-usure/,301,TRUE,FALSE,FALSE
https://redkmotors.fr/blog/suppression-fap-controle-technique-2026,https://redkmotors.fr/blog/suppression-fap-controle-technique-2026/,301,TRUE,FALSE,FALSE
https://redkmotors.fr/blog/surchauffe-moteur-que-faire,https://redkmotors.fr/blog/surchauffe-moteur-que-faire/,301,TRUE,FALSE,FALSE
https://redkmotors.fr/blog/tag/carrosserie,https://redkmotors.fr/blog/tag/carrosserie/,301,TRUE,FALSE,FALSE
https://redkmotors.fr/blog/tag/conseils-auto,https://redkmotors.fr/blog/tag/conseils-auto/,301,TRUE,FALSE,FALSE
https://redkmotors.fr/blog/tag/controle-technique,https://redkmotors.fr/blog/tag/controle-technique/,301,TRUE,FALSE,FALSE
https://redkmotors.fr/blog/tag/diagnostic,https://redkmotors.fr/blog/tag/diagnostic/,301,TRUE,FALSE,FALSE
https://redkmotors.fr/blog/tag/entretien,https://redkmotors.fr/blog/tag/entretien/,301,TRUE,FALSE,FALSE
https://redkmotors.fr/blog/tag/freins,https://redkmotors.fr/blog/tag/freins/,301,TRUE,FALSE,FALSE
https://redkmotors.fr/blog/tag/hiver,https://redkmotors.fr/blog/tag/hiver/,301,TRUE,FALSE,FALSE
https://redkmotors.fr/blog/tag/mecanique,https://redkmotors.fr/blog/tag/mecanique/,301,TRUE,FALSE,FALSE
https://redkmotors.fr/blog/tag/moteur,https://redkmotors.fr/blog/tag/moteur/,301,TRUE,FALSE,FALSE
https://redkmotors.fr/blog/tag/pneumatiques,https://redkmotors.fr/blog/tag/pneumatiques/,301,TRUE,FALSE,FALSE
https://redkmotors.fr/blog/tag/revision,https://redkmotors.fr/blog/tag/revision/,301,TRUE,FALSE,FALSE
https://redkmotors.fr/blog/tag/securite-routiere,https://redkmotors.fr/blog/tag/securite-routiere/,301,TRUE,FALSE,FALSE
https://redkmotors.fr/blog/tag/vidange,https://redkmotors.fr/blog/tag/vidange/,301,TRUE,FALSE,FALSE
https://redkmotors.fr/blog/turbo-compresseur-symptomes-panne,https://redkmotors.fr/blog/turbo-compresseur-symptomes-panne/,301,TRUE,FALSE,FALSE
https://redkmotors.fr/blog/vanne-egr-encrassee-symptomes,https://redkmotors.fr/blog/vanne-egr-encrassee-symptomes/,301,TRUE,FALSE,FALSE
https://redkmotors.fr/blog/vidange-boite-automatique-quand-faire,https://redkmotors.fr/blog/vidange-boite-automatique-quand-faire/,301,TRUE,FALSE,FALSE
https://redkmotors.fr/blog/voiture-broute-acceleration-causes-94,https://redkmotors.fr/blog/voiture-broute-acceleration-causes-94/,301,TRUE,FALSE,FALSE
https://redkmotors.fr/blog/voiture-ne-demarre-pas-causes,https://redkmotors.fr/blog/voiture-ne-demarre-pas-causes/,301,TRUE,FALSE,FALSE
https://redkmotors.fr/blog/voiture-occasion-checklist-achat,https://redkmotors.fr/blog/voiture-occasion-checklist-achat/,301,TRUE,FALSE,FALSE
https://redkmotors.fr/blog/volant-qui-vibre-causes,https://redkmotors.fr/blog/volant-qui-vibre-causes/,301,TRUE,FALSE,FALSE
https://redkmotors.fr/blog/voyant-abs-allume-causes-conduite,https://redkmotors.fr/blog/voyant-abs-allume-causes-conduite/,301,TRUE,FALSE,FALSE
https://redkmotors.fr/blog/voyant-moteur-allume-que-faire,https://redkmotors.fr/blog/voyant-moteur-allume-que-faire/,301,TRUE,FALSE,FALSE
https://redkmotors.fr/bruit-frein-voiture-94,https://redkmotors.fr/bruit-frein-voiture-94/,301,TRUE,FALSE,FALSE
https://redkmotors.fr/carrosserie,https://redkmotors.fr/carrosserie/,301,TRUE,FALSE,FALSE
https://redkmotors.fr/carrosserie-peinture-ivry,https://redkmotors.fr/carrosserie-peinture-ivry/,301,TRUE,FALSE,FALSE
https://redkmotors.fr/changement-batterie-94,https://redkmotors.fr/changement-batterie-94/,301,TRUE,FALSE,FALSE
https://redkmotors.fr/changement-plaquettes-frein-94,https://redkmotors.fr/changement-plaquettes-frein-94/,301,TRUE,FALSE,FALSE
https://redkmotors.fr/changement-pneus-ivry,https://redkmotors.fr/changement-pneus-ivry/,301,TRUE,FALSE,FALSE
https://redkmotors.fr/charenton-le-pont,https://redkmotors.fr/charenton-le-pont/,301,TRUE,FALSE,FALSE
https://redkmotors.fr/clim-voiture-ne-refroidit-plus-94,https://redkmotors.fr/clim-voiture-ne-refroidit-plus-94/,301,TRUE,FALSE,FALSE
https://redkmotors.fr/confidentialite,https://redkmotors.fr/confidentialite/,301,TRUE,FALSE,FALSE
https://redkmotors.fr/consommation-carburant-elevee-94,https://redkmotors.fr/consommation-carburant-elevee-94/,301,TRUE,FALSE,FALSE
https://redkmotors.fr/contact,https://redkmotors.fr/contact/,301,TRUE,FALSE,FALSE
https://redkmotors.fr/cookies,https://redkmotors.fr/cookies/,301,TRUE,FALSE,FALSE
https://redkmotors.fr/devis-garage-94,https://redkmotors.fr/devis-garage-94/,301,TRUE,FALSE,FALSE
https://redkmotors.fr/diagnostic,https://redkmotors.fr/diagnostic/,301,TRUE,FALSE,FALSE
https://redkmotors.fr/diagnostic-auto-choisy-le-roi,https://redkmotors.fr/diagnostic-auto-choisy-le-roi/,301,TRUE,FALSE,FALSE
https://redkmotors.fr/diagnostic-auto-val-de-marne,https://redkmotors.fr/diagnostic-auto-val-de-marne/,301,TRUE,FALSE,FALSE
https://redkmotors.fr/diagnostic-auto-vitry-sur-seine,https://redkmotors.fr/diagnostic-auto-vitry-sur-seine/,301,TRUE,FALSE,FALSE
https://redkmotors.fr/diagnostic-voyant-moteur-94,https://redkmotors.fr/diagnostic-voyant-moteur-94/,301,TRUE,FALSE,FALSE
https://redkmotors.fr/entretien,https://redkmotors.fr/entretien/,301,TRUE,FALSE,FALSE
https://redkmotors.fr/entretien-preventif-vtc-94,https://redkmotors.fr/entretien-preventif-vtc-94/,301,TRUE,FALSE,FALSE
https://redkmotors.fr/entretien-taxi-val-de-marne,https://redkmotors.fr/entretien-taxi-val-de-marne/,301,TRUE,FALSE,FALSE
https://redkmotors.fr/entretien-vehicule-vtc-94,https://redkmotors.fr/entretien-vehicule-vtc-94/,301,TRUE,FALSE,FALSE
https://redkmotors.fr/entretien-voiture-professionnelle-94,https://redkmotors.fr/entretien-voiture-professionnelle-94/,301,TRUE,FALSE,FALSE
https://redkmotors.fr/equipe,https://redkmotors.fr/equipe/,301,TRUE,FALSE,FALSE
https://redkmotors.fr/exemples,https://redkmotors.fr/exemples/,301,TRUE,FALSE,FALSE
https://redkmotors.fr/exemples/modeles/audi-a3,https://redkmotors.fr/exemples/modeles/audi-a3/,301,TRUE,FALSE,FALSE
https://redkmotors.fr/exemples/modeles/bmw-serie-1,https://redkmotors.fr/exemples/modeles/bmw-serie-1/,301,TRUE,FALSE,FALSE
https://redkmotors.fr/exemples/modeles/bmw-serie-3,https://redkmotors.fr/exemples/modeles/bmw-serie-3/,301,TRUE,FALSE,FALSE
https://redkmotors.fr/exemples/modeles/citroen-berlingo,https://redkmotors.fr/exemples/modeles/citroen-berlingo/,301,TRUE,FALSE,FALSE
https://redkmotors.fr/exemples/modeles/citroen-c1,https://redkmotors.fr/exemples/modeles/citroen-c1/,301,TRUE,FALSE,FALSE
https://redkmotors.fr/exemples/modeles/citroen-c3,https://redkmotors.fr/exemples/modeles/citroen-c3/,301,TRUE,FALSE,FALSE
https://redkmotors.fr/exemples/modeles/citroen-c3-aircross,https://redkmotors.fr/exemples/modeles/citroen-c3-aircross/,301,TRUE,FALSE,FALSE
https://redkmotors.fr/exemples/modeles/citroen-c4,https://redkmotors.fr/exemples/modeles/citroen-c4/,301,TRUE,FALSE,FALSE
https://redkmotors.fr/exemples/modeles/citroen-c5-aircross,https://redkmotors.fr/exemples/modeles/citroen-c5-aircross/,301,TRUE,FALSE,FALSE
https://redkmotors.fr/exemples/modeles/dacia-duster,https://redkmotors.fr/exemples/modeles/dacia-duster/,301,TRUE,FALSE,FALSE
https://redkmotors.fr/exemples/modeles/dacia-logan,https://redkmotors.fr/exemples/modeles/dacia-logan/,301,TRUE,FALSE,FALSE
https://redkmotors.fr/exemples/modeles/dacia-sandero,https://redkmotors.fr/exemples/modeles/dacia-sandero/,301,TRUE,FALSE,FALSE
https://redkmotors.fr/exemples/modeles/fiat-500,https://redkmotors.fr/exemples/modeles/fiat-500/,301,TRUE,FALSE,FALSE
https://redkmotors.fr/exemples/modeles/ford-fiesta,https://redkmotors.fr/exemples/modeles/ford-fiesta/,301,TRUE,FALSE,FALSE
https://redkmotors.fr/exemples/modeles/ford-focus,https://redkmotors.fr/exemples/modeles/ford-focus/,301,TRUE,FALSE,FALSE
https://redkmotors.fr/exemples/modeles/ford-puma,https://redkmotors.fr/exemples/modeles/ford-puma/,301,TRUE,FALSE,FALSE
https://redkmotors.fr/exemples/modeles/hyundai-i20,https://redkmotors.fr/exemples/modeles/hyundai-i20/,301,TRUE,FALSE,FALSE
https://redkmotors.fr/exemples/modeles/hyundai-tucson,https://redkmotors.fr/exemples/modeles/hyundai-tucson/,301,TRUE,FALSE,FALSE
https://redkmotors.fr/exemples/modeles/kia-sportage,https://redkmotors.fr/exemples/modeles/kia-sportage/,301,TRUE,FALSE,FALSE
https://redkmotors.fr/exemples/modeles/mercedes-classe-a,https://redkmotors.fr/exemples/modeles/mercedes-classe-a/,301,TRUE,FALSE,FALSE
https://redkmotors.fr/exemples/modeles/mercedes-classe-c,https://redkmotors.fr/exemples/modeles/mercedes-classe-c/,301,TRUE,FALSE,FALSE
https://redkmotors.fr/exemples/modeles/nissan-juke,https://redkmotors.fr/exemples/modeles/nissan-juke/,301,TRUE,FALSE,FALSE
https://redkmotors.fr/exemples/modeles/nissan-micra,https://redkmotors.fr/exemples/modeles/nissan-micra/,301,TRUE,FALSE,FALSE
https://redkmotors.fr/exemples/modeles/nissan-qashqai,https://redkmotors.fr/exemples/modeles/nissan-qashqai/,301,TRUE,FALSE,FALSE
https://redkmotors.fr/exemples/modeles/opel-corsa,https://redkmotors.fr/exemples/modeles/opel-corsa/,301,TRUE,FALSE,FALSE
https://redkmotors.fr/exemples/modeles/peugeot-108,https://redkmotors.fr/exemples/modeles/peugeot-108/,301,TRUE,FALSE,FALSE
https://redkmotors.fr/exemples/modeles/peugeot-2008,https://redkmotors.fr/exemples/modeles/peugeot-2008/,301,TRUE,FALSE,FALSE
https://redkmotors.fr/exemples/modeles/peugeot-207,https://redkmotors.fr/exemples/modeles/peugeot-207/,301,TRUE,FALSE,FALSE
https://redkmotors.fr/exemples/modeles/peugeot-208,https://redkmotors.fr/exemples/modeles/peugeot-208/,301,TRUE,FALSE,FALSE
https://redkmotors.fr/exemples/modeles/peugeot-208-puretech,https://redkmotors.fr/exemples/modeles/peugeot-208-puretech/,301,TRUE,FALSE,FALSE
https://redkmotors.fr/exemples/modeles/peugeot-3008,https://redkmotors.fr/exemples/modeles/peugeot-3008/,301,TRUE,FALSE,FALSE
https://redkmotors.fr/exemples/modeles/peugeot-307,https://redkmotors.fr/exemples/modeles/peugeot-307/,301,TRUE,FALSE,FALSE
https://redkmotors.fr/exemples/modeles/peugeot-308,https://redkmotors.fr/exemples/modeles/peugeot-308/,301,TRUE,FALSE,FALSE
https://redkmotors.fr/exemples/modeles/peugeot-508,https://redkmotors.fr/exemples/modeles/peugeot-508/,301,TRUE,FALSE,FALSE
https://redkmotors.fr/exemples/modeles/peugeot-partner,https://redkmotors.fr/exemples/modeles/peugeot-partner/,301,TRUE,FALSE,FALSE
https://redkmotors.fr/exemples/modeles/peugeot-rifter,https://redkmotors.fr/exemples/modeles/peugeot-rifter/,301,TRUE,FALSE,FALSE
https://redkmotors.fr/exemples/modeles/renault-arkana,https://redkmotors.fr/exemples/modeles/renault-arkana/,301,TRUE,FALSE,FALSE
https://redkmotors.fr/exemples/modeles/renault-captur,https://redkmotors.fr/exemples/modeles/renault-captur/,301,TRUE,FALSE,FALSE
https://redkmotors.fr/exemples/modeles/renault-clio-4,https://redkmotors.fr/exemples/modeles/renault-clio-4/,301,TRUE,FALSE,FALSE
https://redkmotors.fr/exemples/modeles/renault-clio-5,https://redkmotors.fr/exemples/modeles/renault-clio-5/,301,TRUE,FALSE,FALSE
https://redkmotors.fr/exemples/modeles/renault-kangoo,https://redkmotors.fr/exemples/modeles/renault-kangoo/,301,TRUE,FALSE,FALSE
https://redkmotors.fr/exemples/modeles/renault-megane-3,https://redkmotors.fr/exemples/modeles/renault-megane-3/,301,TRUE,FALSE,FALSE
https://redkmotors.fr/exemples/modeles/renault-megane-4,https://redkmotors.fr/exemples/modeles/renault-megane-4/,301,TRUE,FALSE,FALSE
https://redkmotors.fr/exemples/modeles/renault-scenic,https://redkmotors.fr/exemples/modeles/renault-scenic/,301,TRUE,FALSE,FALSE
https://redkmotors.fr/exemples/modeles/renault-twingo-3,https://redkmotors.fr/exemples/modeles/renault-twingo-3/,301,TRUE,FALSE,FALSE
https://redkmotors.fr/exemples/modeles/renault-zoe,https://redkmotors.fr/exemples/modeles/renault-zoe/,301,TRUE,FALSE,FALSE
https://redkmotors.fr/exemples/modeles/seat-ibiza,https://redkmotors.fr/exemples/modeles/seat-ibiza/,301,TRUE,FALSE,FALSE
https://redkmotors.fr/exemples/modeles/skoda-octavia,https://redkmotors.fr/exemples/modeles/skoda-octavia/,301,TRUE,FALSE,FALSE
https://redkmotors.fr/exemples/modeles/toyota-c-hr,https://redkmotors.fr/exemples/modeles/toyota-c-hr/,301,TRUE,FALSE,FALSE
https://redkmotors.fr/exemples/modeles/toyota-corolla,https://redkmotors.fr/exemples/modeles/toyota-corolla/,301,TRUE,FALSE,FALSE
https://redkmotors.fr/exemples/modeles/toyota-rav4,https://redkmotors.fr/exemples/modeles/toyota-rav4/,301,TRUE,FALSE,FALSE
https://redkmotors.fr/exemples/modeles/toyota-yaris,https://redkmotors.fr/exemples/modeles/toyota-yaris/,301,TRUE,FALSE,FALSE
https://redkmotors.fr/exemples/modeles/volkswagen-golf-7,https://redkmotors.fr/exemples/modeles/volkswagen-golf-7/,301,TRUE,FALSE,FALSE
https://redkmotors.fr/exemples/modeles/volkswagen-golf-8,https://redkmotors.fr/exemples/modeles/volkswagen-golf-8/,301,TRUE,FALSE,FALSE
https://redkmotors.fr/exemples/modeles/volkswagen-passat,https://redkmotors.fr/exemples/modeles/volkswagen-passat/,301,TRUE,FALSE,FALSE
https://redkmotors.fr/exemples/modeles/volkswagen-polo,https://redkmotors.fr/exemples/modeles/volkswagen-polo/,301,TRUE,FALSE,FALSE
https://redkmotors.fr/exemples/modeles/volkswagen-t-roc,https://redkmotors.fr/exemples/modeles/volkswagen-t-roc/,301,TRUE,FALSE,FALSE
https://redkmotors.fr/exemples/modeles/volkswagen-tiguan,https://redkmotors.fr/exemples/modeles/volkswagen-tiguan/,301,TRUE,FALSE,FALSE
https://redkmotors.fr/exemples/modeles/volkswagen-touran,https://redkmotors.fr/exemples/modeles/volkswagen-touran/,301,TRUE,FALSE,FALSE
https://redkmotors.fr/exemples/prix-batterie,https://redkmotors.fr/exemples/prix-batterie/,301,TRUE,FALSE,FALSE
https://redkmotors.fr/exemples/prix-batterie-audi-a3,https://redkmotors.fr/exemples/prix-batterie-audi-a3/,301,TRUE,FALSE,FALSE
https://redkmotors.fr/exemples/prix-batterie-bmw-serie-1,https://redkmotors.fr/exemples/prix-batterie-bmw-serie-1/,301,TRUE,FALSE,FALSE
https://redkmotors.fr/exemples/prix-batterie-bmw-serie-3,https://redkmotors.fr/exemples/prix-batterie-bmw-serie-3/,301,TRUE,FALSE,FALSE
https://redkmotors.fr/exemples/prix-batterie-citroen-berlingo,https://redkmotors.fr/exemples/prix-batterie-citroen-berlingo/,301,TRUE,FALSE,FALSE
https://redkmotors.fr/exemples/prix-batterie-citroen-c1,https://redkmotors.fr/exemples/prix-batterie-citroen-c1/,301,TRUE,FALSE,FALSE
https://redkmotors.fr/exemples/prix-batterie-citroen-c3,https://redkmotors.fr/exemples/prix-batterie-citroen-c3/,301,TRUE,FALSE,FALSE
https://redkmotors.fr/exemples/prix-batterie-citroen-c3-aircross,https://redkmotors.fr/exemples/prix-batterie-citroen-c3-aircross/,301,TRUE,FALSE,FALSE
https://redkmotors.fr/exemples/prix-batterie-citroen-c4,https://redkmotors.fr/exemples/prix-batterie-citroen-c4/,301,TRUE,FALSE,FALSE
https://redkmotors.fr/exemples/prix-batterie-citroen-c5-aircross,https://redkmotors.fr/exemples/prix-batterie-citroen-c5-aircross/,301,TRUE,FALSE,FALSE
https://redkmotors.fr/exemples/prix-batterie-dacia-duster,https://redkmotors.fr/exemples/prix-batterie-dacia-duster/,301,TRUE,FALSE,FALSE
https://redkmotors.fr/exemples/prix-batterie-dacia-logan,https://redkmotors.fr/exemples/prix-batterie-dacia-logan/,301,TRUE,FALSE,FALSE
https://redkmotors.fr/exemples/prix-batterie-dacia-sandero,https://redkmotors.fr/exemples/prix-batterie-dacia-sandero/,301,TRUE,FALSE,FALSE
https://redkmotors.fr/exemples/prix-batterie-fiat-500,https://redkmotors.fr/exemples/prix-batterie-fiat-500/,301,TRUE,FALSE,FALSE
https://redkmotors.fr/exemples/prix-batterie-ford-fiesta,https://redkmotors.fr/exemples/prix-batterie-ford-fiesta/,301,TRUE,FALSE,FALSE
https://redkmotors.fr/exemples/prix-batterie-ford-focus,https://redkmotors.fr/exemples/prix-batterie-ford-focus/,301,TRUE,FALSE,FALSE
https://redkmotors.fr/exemples/prix-batterie-ford-puma,https://redkmotors.fr/exemples/prix-batterie-ford-puma/,301,TRUE,FALSE,FALSE
https://redkmotors.fr/exemples/prix-batterie-hyundai-i20,https://redkmotors.fr/exemples/prix-batterie-hyundai-i20/,301,TRUE,FALSE,FALSE
https://redkmotors.fr/exemples/prix-batterie-hyundai-tucson,https://redkmotors.fr/exemples/prix-batterie-hyundai-tucson/,301,TRUE,FALSE,FALSE
https://redkmotors.fr/exemples/prix-batterie-kia-sportage,https://redkmotors.fr/exemples/prix-batterie-kia-sportage/,301,TRUE,FALSE,FALSE
https://redkmotors.fr/exemples/prix-batterie-mercedes-classe-a,https://redkmotors.fr/exemples/prix-batterie-mercedes-classe-a/,301,TRUE,FALSE,FALSE
https://redkmotors.fr/exemples/prix-batterie-mercedes-classe-c,https://redkmotors.fr/exemples/prix-batterie-mercedes-classe-c/,301,TRUE,FALSE,FALSE
https://redkmotors.fr/exemples/prix-batterie-nissan-juke,https://redkmotors.fr/exemples/prix-batterie-nissan-juke/,301,TRUE,FALSE,FALSE
https://redkmotors.fr/exemples/prix-batterie-nissan-micra,https://redkmotors.fr/exemples/prix-batterie-nissan-micra/,301,TRUE,FALSE,FALSE
https://redkmotors.fr/exemples/prix-batterie-nissan-qashqai,https://redkmotors.fr/exemples/prix-batterie-nissan-qashqai/,301,TRUE,FALSE,FALSE
https://redkmotors.fr/exemples/prix-batterie-opel-corsa,https://redkmotors.fr/exemples/prix-batterie-opel-corsa/,301,TRUE,FALSE,FALSE
https://redkmotors.fr/exemples/prix-batterie-peugeot-108,https://redkmotors.fr/exemples/prix-batterie-peugeot-108/,301,TRUE,FALSE,FALSE
https://redkmotors.fr/exemples/prix-batterie-peugeot-2008,https://redkmotors.fr/exemples/prix-batterie-peugeot-2008/,301,TRUE,FALSE,FALSE
https://redkmotors.fr/exemples/prix-batterie-peugeot-207,https://redkmotors.fr/exemples/prix-batterie-peugeot-207/,301,TRUE,FALSE,FALSE
https://redkmotors.fr/exemples/prix-batterie-peugeot-208,https://redkmotors.fr/exemples/prix-batterie-peugeot-208/,301,TRUE,FALSE,FALSE
https://redkmotors.fr/exemples/prix-batterie-peugeot-208-puretech,https://redkmotors.fr/exemples/prix-batterie-peugeot-208-puretech/,301,TRUE,FALSE,FALSE
https://redkmotors.fr/exemples/prix-batterie-peugeot-3008,https://redkmotors.fr/exemples/prix-batterie-peugeot-3008/,301,TRUE,FALSE,FALSE
https://redkmotors.fr/exemples/prix-batterie-peugeot-307,https://redkmotors.fr/exemples/prix-batterie-peugeot-307/,301,TRUE,FALSE,FALSE
https://redkmotors.fr/exemples/prix-batterie-peugeot-308,https://redkmotors.fr/exemples/prix-batterie-peugeot-308/,301,TRUE,FALSE,FALSE
https://redkmotors.fr/exemples/prix-batterie-peugeot-508,https://redkmotors.fr/exemples/prix-batterie-peugeot-508/,301,TRUE,FALSE,FALSE
https://redkmotors.fr/exemples/prix-batterie-peugeot-partner,https://redkmotors.fr/exemples/prix-batterie-peugeot-partner/,301,TRUE,FALSE,FALSE
https://redkmotors.fr/exemples/prix-batterie-peugeot-rifter,https://redkmotors.fr/exemples/prix-batterie-peugeot-rifter/,301,TRUE,FALSE,FALSE
https://redkmotors.fr/exemples/prix-batterie-renault-arkana,https://redkmotors.fr/exemples/prix-batterie-renault-arkana/,301,TRUE,FALSE,FALSE
https://redkmotors.fr/exemples/prix-batterie-renault-captur,https://redkmotors.fr/exemples/prix-batterie-renault-captur/,301,TRUE,FALSE,FALSE
https://redkmotors.fr/exemples/prix-batterie-renault-clio-4,https://redkmotors.fr/exemples/prix-batterie-renault-clio-4/,301,TRUE,FALSE,FALSE
https://redkmotors.fr/exemples/prix-batterie-renault-clio-5,https://redkmotors.fr/exemples/prix-batterie-renault-clio-5/,301,TRUE,FALSE,FALSE
https://redkmotors.fr/exemples/prix-batterie-renault-kangoo,https://redkmotors.fr/exemples/prix-batterie-renault-kangoo/,301,TRUE,FALSE,FALSE
https://redkmotors.fr/exemples/prix-batterie-renault-megane-3,https://redkmotors.fr/exemples/prix-batterie-renault-megane-3/,301,TRUE,FALSE,FALSE
https://redkmotors.fr/exemples/prix-batterie-renault-megane-4,https://redkmotors.fr/exemples/prix-batterie-renault-megane-4/,301,TRUE,FALSE,FALSE
https://redkmotors.fr/exemples/prix-batterie-renault-scenic,https://redkmotors.fr/exemples/prix-batterie-renault-scenic/,301,TRUE,FALSE,FALSE
https://redkmotors.fr/exemples/prix-batterie-renault-twingo-3,https://redkmotors.fr/exemples/prix-batterie-renault-twingo-3/,301,TRUE,FALSE,FALSE
https://redkmotors.fr/exemples/prix-batterie-renault-zoe,https://redkmotors.fr/exemples/prix-batterie-renault-zoe/,301,TRUE,FALSE,FALSE
https://redkmotors.fr/exemples/prix-batterie-seat-ibiza,https://redkmotors.fr/exemples/prix-batterie-seat-ibiza/,301,TRUE,FALSE,FALSE
https://redkmotors.fr/exemples/prix-batterie-skoda-octavia,https://redkmotors.fr/exemples/prix-batterie-skoda-octavia/,301,TRUE,FALSE,FALSE
https://redkmotors.fr/exemples/prix-batterie-toyota-c-hr,https://redkmotors.fr/exemples/prix-batterie-toyota-c-hr/,301,TRUE,FALSE,FALSE
https://redkmotors.fr/exemples/prix-batterie-toyota-corolla,https://redkmotors.fr/exemples/prix-batterie-toyota-corolla/,301,TRUE,FALSE,FALSE
https://redkmotors.fr/exemples/prix-batterie-toyota-rav4,https://redkmotors.fr/exemples/prix-batterie-toyota-rav4/,301,TRUE,FALSE,FALSE
https://redkmotors.fr/exemples/prix-batterie-toyota-yaris,https://redkmotors.fr/exemples/prix-batterie-toyota-yaris/,301,TRUE,FALSE,FALSE
https://redkmotors.fr/exemples/prix-batterie-volkswagen-golf-7,https://redkmotors.fr/exemples/prix-batterie-volkswagen-golf-7/,301,TRUE,FALSE,FALSE
https://redkmotors.fr/exemples/prix-batterie-volkswagen-golf-8,https://redkmotors.fr/exemples/prix-batterie-volkswagen-golf-8/,301,TRUE,FALSE,FALSE
https://redkmotors.fr/exemples/prix-batterie-volkswagen-passat,https://redkmotors.fr/exemples/prix-batterie-volkswagen-passat/,301,TRUE,FALSE,FALSE
https://redkmotors.fr/exemples/prix-batterie-volkswagen-polo,https://redkmotors.fr/exemples/prix-batterie-volkswagen-polo/,301,TRUE,FALSE,FALSE
https://redkmotors.fr/exemples/prix-batterie-volkswagen-t-roc,https://redkmotors.fr/exemples/prix-batterie-volkswagen-t-roc/,301,TRUE,FALSE,FALSE
https://redkmotors.fr/exemples/prix-batterie-volkswagen-tiguan,https://redkmotors.fr/exemples/prix-batterie-volkswagen-tiguan/,301,TRUE,FALSE,FALSE
https://redkmotors.fr/exemples/prix-batterie-volkswagen-touran,https://redkmotors.fr/exemples/prix-batterie-volkswagen-touran/,301,TRUE,FALSE,FALSE
https://redkmotors.fr/exemples/prix-courroie-distribution,https://redkmotors.fr/exemples/prix-courroie-distribution/,301,TRUE,FALSE,FALSE
https://redkmotors.fr/exemples/prix-courroie-distribution-audi-a3,https://redkmotors.fr/exemples/prix-courroie-distribution-audi-a3/,301,TRUE,FALSE,FALSE
https://redkmotors.fr/exemples/prix-courroie-distribution-bmw-serie-1,https://redkmotors.fr/exemples/prix-courroie-distribution-bmw-serie-1/,301,TRUE,FALSE,FALSE
https://redkmotors.fr/exemples/prix-courroie-distribution-bmw-serie-3,https://redkmotors.fr/exemples/prix-courroie-distribution-bmw-serie-3/,301,TRUE,FALSE,FALSE
https://redkmotors.fr/exemples/prix-courroie-distribution-citroen-berlingo,https://redkmotors.fr/exemples/prix-courroie-distribution-citroen-berlingo/,301,TRUE,FALSE,FALSE
https://redkmotors.fr/exemples/prix-courroie-distribution-citroen-c1,https://redkmotors.fr/exemples/prix-courroie-distribution-citroen-c1/,301,TRUE,FALSE,FALSE
https://redkmotors.fr/exemples/prix-courroie-distribution-citroen-c3,https://redkmotors.fr/exemples/prix-courroie-distribution-citroen-c3/,301,TRUE,FALSE,FALSE
https://redkmotors.fr/exemples/prix-courroie-distribution-citroen-c3-aircross,https://redkmotors.fr/exemples/prix-courroie-distribution-citroen-c3-aircross/,301,TRUE,FALSE,FALSE
https://redkmotors.fr/exemples/prix-courroie-distribution-citroen-c4,https://redkmotors.fr/exemples/prix-courroie-distribution-citroen-c4/,301,TRUE,FALSE,FALSE
https://redkmotors.fr/exemples/prix-courroie-distribution-citroen-c5-aircross,https://redkmotors.fr/exemples/prix-courroie-distribution-citroen-c5-aircross/,301,TRUE,FALSE,FALSE
https://redkmotors.fr/exemples/prix-courroie-distribution-dacia-duster,https://redkmotors.fr/exemples/prix-courroie-distribution-dacia-duster/,301,TRUE,FALSE,FALSE
https://redkmotors.fr/exemples/prix-courroie-distribution-dacia-logan,https://redkmotors.fr/exemples/prix-courroie-distribution-dacia-logan/,301,TRUE,FALSE,FALSE
https://redkmotors.fr/exemples/prix-courroie-distribution-dacia-sandero,https://redkmotors.fr/exemples/prix-courroie-distribution-dacia-sandero/,301,TRUE,FALSE,FALSE
https://redkmotors.fr/exemples/prix-courroie-distribution-fiat-500,https://redkmotors.fr/exemples/prix-courroie-distribution-fiat-500/,301,TRUE,FALSE,FALSE
https://redkmotors.fr/exemples/prix-courroie-distribution-ford-fiesta,https://redkmotors.fr/exemples/prix-courroie-distribution-ford-fiesta/,301,TRUE,FALSE,FALSE
https://redkmotors.fr/exemples/prix-courroie-distribution-ford-focus,https://redkmotors.fr/exemples/prix-courroie-distribution-ford-focus/,301,TRUE,FALSE,FALSE
https://redkmotors.fr/exemples/prix-courroie-distribution-ford-puma,https://redkmotors.fr/exemples/prix-courroie-distribution-ford-puma/,301,TRUE,FALSE,FALSE
https://redkmotors.fr/exemples/prix-courroie-distribution-hyundai-i20,https://redkmotors.fr/exemples/prix-courroie-distribution-hyundai-i20/,301,TRUE,FALSE,FALSE
https://redkmotors.fr/exemples/prix-courroie-distribution-hyundai-tucson,https://redkmotors.fr/exemples/prix-courroie-distribution-hyundai-tucson/,301,TRUE,FALSE,FALSE
https://redkmotors.fr/exemples/prix-courroie-distribution-kia-sportage,https://redkmotors.fr/exemples/prix-courroie-distribution-kia-sportage/,301,TRUE,FALSE,FALSE
https://redkmotors.fr/exemples/prix-courroie-distribution-mercedes-classe-a,https://redkmotors.fr/exemples/prix-courroie-distribution-mercedes-classe-a/,301,TRUE,FALSE,FALSE
https://redkmotors.fr/exemples/prix-courroie-distribution-mercedes-classe-c,https://redkmotors.fr/exemples/prix-courroie-distribution-mercedes-classe-c/,301,TRUE,FALSE,FALSE
https://redkmotors.fr/exemples/prix-courroie-distribution-nissan-juke,https://redkmotors.fr/exemples/prix-courroie-distribution-nissan-juke/,301,TRUE,FALSE,FALSE
https://redkmotors.fr/exemples/prix-courroie-distribution-nissan-micra,https://redkmotors.fr/exemples/prix-courroie-distribution-nissan-micra/,301,TRUE,FALSE,FALSE
https://redkmotors.fr/exemples/prix-courroie-distribution-nissan-qashqai,https://redkmotors.fr/exemples/prix-courroie-distribution-nissan-qashqai/,301,TRUE,FALSE,FALSE
https://redkmotors.fr/exemples/prix-courroie-distribution-opel-corsa,https://redkmotors.fr/exemples/prix-courroie-distribution-opel-corsa/,301,TRUE,FALSE,FALSE
https://redkmotors.fr/exemples/prix-courroie-distribution-peugeot-108,https://redkmotors.fr/exemples/prix-courroie-distribution-peugeot-108/,301,TRUE,FALSE,FALSE
https://redkmotors.fr/exemples/prix-courroie-distribution-peugeot-2008,https://redkmotors.fr/exemples/prix-courroie-distribution-peugeot-2008/,301,TRUE,FALSE,FALSE
https://redkmotors.fr/exemples/prix-courroie-distribution-peugeot-207,https://redkmotors.fr/exemples/prix-courroie-distribution-peugeot-207/,301,TRUE,FALSE,FALSE
https://redkmotors.fr/exemples/prix-courroie-distribution-peugeot-208,https://redkmotors.fr/exemples/prix-courroie-distribution-peugeot-208/,301,TRUE,FALSE,FALSE
https://redkmotors.fr/exemples/prix-courroie-distribution-peugeot-208-puretech,https://redkmotors.fr/exemples/prix-courroie-distribution-peugeot-208-puretech/,301,TRUE,FALSE,FALSE
https://redkmotors.fr/exemples/prix-courroie-distribution-peugeot-3008,https://redkmotors.fr/exemples/prix-courroie-distribution-peugeot-3008/,301,TRUE,FALSE,FALSE
https://redkmotors.fr/exemples/prix-courroie-distribution-peugeot-307,https://redkmotors.fr/exemples/prix-courroie-distribution-peugeot-307/,301,TRUE,FALSE,FALSE
https://redkmotors.fr/exemples/prix-courroie-distribution-peugeot-308,https://redkmotors.fr/exemples/prix-courroie-distribution-peugeot-308/,301,TRUE,FALSE,FALSE
https://redkmotors.fr/exemples/prix-courroie-distribution-peugeot-508,https://redkmotors.fr/exemples/prix-courroie-distribution-peugeot-508/,301,TRUE,FALSE,FALSE
https://redkmotors.fr/exemples/prix-courroie-distribution-peugeot-partner,https://redkmotors.fr/exemples/prix-courroie-distribution-peugeot-partner/,301,TRUE,FALSE,FALSE
https://redkmotors.fr/exemples/prix-courroie-distribution-peugeot-rifter,https://redkmotors.fr/exemples/prix-courroie-distribution-peugeot-rifter/,301,TRUE,FALSE,FALSE
https://redkmotors.fr/exemples/prix-courroie-distribution-renault-arkana,https://redkmotors.fr/exemples/prix-courroie-distribution-renault-arkana/,301,TRUE,FALSE,FALSE
https://redkmotors.fr/exemples/prix-courroie-distribution-renault-captur,https://redkmotors.fr/exemples/prix-courroie-distribution-renault-captur/,301,TRUE,FALSE,FALSE
https://redkmotors.fr/exemples/prix-courroie-distribution-renault-clio-4,https://redkmotors.fr/exemples/prix-courroie-distribution-renault-clio-4/,301,TRUE,FALSE,FALSE
https://redkmotors.fr/exemples/prix-courroie-distribution-renault-clio-5,https://redkmotors.fr/exemples/prix-courroie-distribution-renault-clio-5/,301,TRUE,FALSE,FALSE
https://redkmotors.fr/exemples/prix-courroie-distribution-renault-kangoo,https://redkmotors.fr/exemples/prix-courroie-distribution-renault-kangoo/,301,TRUE,FALSE,FALSE
https://redkmotors.fr/exemples/prix-courroie-distribution-renault-megane-3,https://redkmotors.fr/exemples/prix-courroie-distribution-renault-megane-3/,301,TRUE,FALSE,FALSE
https://redkmotors.fr/exemples/prix-courroie-distribution-renault-megane-4,https://redkmotors.fr/exemples/prix-courroie-distribution-renault-megane-4/,301,TRUE,FALSE,FALSE
https://redkmotors.fr/exemples/prix-courroie-distribution-renault-scenic,https://redkmotors.fr/exemples/prix-courroie-distribution-renault-scenic/,301,TRUE,FALSE,FALSE
https://redkmotors.fr/exemples/prix-courroie-distribution-renault-twingo-3,https://redkmotors.fr/exemples/prix-courroie-distribution-renault-twingo-3/,301,TRUE,FALSE,FALSE
https://redkmotors.fr/exemples/prix-courroie-distribution-renault-zoe,https://redkmotors.fr/exemples/prix-courroie-distribution-renault-zoe/,301,TRUE,FALSE,FALSE
https://redkmotors.fr/exemples/prix-courroie-distribution-seat-ibiza,https://redkmotors.fr/exemples/prix-courroie-distribution-seat-ibiza/,301,TRUE,FALSE,FALSE
https://redkmotors.fr/exemples/prix-courroie-distribution-skoda-octavia,https://redkmotors.fr/exemples/prix-courroie-distribution-skoda-octavia/,301,TRUE,FALSE,FALSE
https://redkmotors.fr/exemples/prix-courroie-distribution-toyota-c-hr,https://redkmotors.fr/exemples/prix-courroie-distribution-toyota-c-hr/,301,TRUE,FALSE,FALSE
https://redkmotors.fr/exemples/prix-courroie-distribution-toyota-corolla,https://redkmotors.fr/exemples/prix-courroie-distribution-toyota-corolla/,301,TRUE,FALSE,FALSE
https://redkmotors.fr/exemples/prix-courroie-distribution-toyota-rav4,https://redkmotors.fr/exemples/prix-courroie-distribution-toyota-rav4/,301,TRUE,FALSE,FALSE
https://redkmotors.fr/exemples/prix-courroie-distribution-toyota-yaris,https://redkmotors.fr/exemples/prix-courroie-distribution-toyota-yaris/,301,TRUE,FALSE,FALSE
https://redkmotors.fr/exemples/prix-courroie-distribution-volkswagen-golf-7,https://redkmotors.fr/exemples/prix-courroie-distribution-volkswagen-golf-7/,301,TRUE,FALSE,FALSE
https://redkmotors.fr/exemples/prix-courroie-distribution-volkswagen-golf-8,https://redkmotors.fr/exemples/prix-courroie-distribution-volkswagen-golf-8/,301,TRUE,FALSE,FALSE
https://redkmotors.fr/exemples/prix-courroie-distribution-volkswagen-passat,https://redkmotors.fr/exemples/prix-courroie-distribution-volkswagen-passat/,301,TRUE,FALSE,FALSE
https://redkmotors.fr/exemples/prix-courroie-distribution-volkswagen-polo,https://redkmotors.fr/exemples/prix-courroie-distribution-volkswagen-polo/,301,TRUE,FALSE,FALSE
https://redkmotors.fr/exemples/prix-courroie-distribution-volkswagen-t-roc,https://redkmotors.fr/exemples/prix-courroie-distribution-volkswagen-t-roc/,301,TRUE,FALSE,FALSE
https://redkmotors.fr/exemples/prix-courroie-distribution-volkswagen-tiguan,https://redkmotors.fr/exemples/prix-courroie-distribution-volkswagen-tiguan/,301,TRUE,FALSE,FALSE
https://redkmotors.fr/exemples/prix-courroie-distribution-volkswagen-touran,https://redkmotors.fr/exemples/prix-courroie-distribution-volkswagen-touran/,301,TRUE,FALSE,FALSE
https://redkmotors.fr/exemples/prix-embrayage,https://redkmotors.fr/exemples/prix-embrayage/,301,TRUE,FALSE,FALSE
https://redkmotors.fr/exemples/prix-embrayage-audi-a3,https://redkmotors.fr/exemples/prix-embrayage-audi-a3/,301,TRUE,FALSE,FALSE
https://redkmotors.fr/exemples/prix-embrayage-bmw-serie-1,https://redkmotors.fr/exemples/prix-embrayage-bmw-serie-1/,301,TRUE,FALSE,FALSE
https://redkmotors.fr/exemples/prix-embrayage-bmw-serie-3,https://redkmotors.fr/exemples/prix-embrayage-bmw-serie-3/,301,TRUE,FALSE,FALSE
https://redkmotors.fr/exemples/prix-embrayage-citroen-berlingo,https://redkmotors.fr/exemples/prix-embrayage-citroen-berlingo/,301,TRUE,FALSE,FALSE
https://redkmotors.fr/exemples/prix-embrayage-citroen-c1,https://redkmotors.fr/exemples/prix-embrayage-citroen-c1/,301,TRUE,FALSE,FALSE
https://redkmotors.fr/exemples/prix-embrayage-citroen-c3,https://redkmotors.fr/exemples/prix-embrayage-citroen-c3/,301,TRUE,FALSE,FALSE
https://redkmotors.fr/exemples/prix-embrayage-citroen-c3-aircross,https://redkmotors.fr/exemples/prix-embrayage-citroen-c3-aircross/,301,TRUE,FALSE,FALSE
https://redkmotors.fr/exemples/prix-embrayage-citroen-c4,https://redkmotors.fr/exemples/prix-embrayage-citroen-c4/,301,TRUE,FALSE,FALSE
https://redkmotors.fr/exemples/prix-embrayage-citroen-c5-aircross,https://redkmotors.fr/exemples/prix-embrayage-citroen-c5-aircross/,301,TRUE,FALSE,FALSE
https://redkmotors.fr/exemples/prix-embrayage-dacia-duster,https://redkmotors.fr/exemples/prix-embrayage-dacia-duster/,301,TRUE,FALSE,FALSE
https://redkmotors.fr/exemples/prix-embrayage-dacia-logan,https://redkmotors.fr/exemples/prix-embrayage-dacia-logan/,301,TRUE,FALSE,FALSE
https://redkmotors.fr/exemples/prix-embrayage-dacia-sandero,https://redkmotors.fr/exemples/prix-embrayage-dacia-sandero/,301,TRUE,FALSE,FALSE
https://redkmotors.fr/exemples/prix-embrayage-fiat-500,https://redkmotors.fr/exemples/prix-embrayage-fiat-500/,301,TRUE,FALSE,FALSE
https://redkmotors.fr/exemples/prix-embrayage-ford-fiesta,https://redkmotors.fr/exemples/prix-embrayage-ford-fiesta/,301,TRUE,FALSE,FALSE
https://redkmotors.fr/exemples/prix-embrayage-ford-focus,https://redkmotors.fr/exemples/prix-embrayage-ford-focus/,301,TRUE,FALSE,FALSE
https://redkmotors.fr/exemples/prix-embrayage-ford-puma,https://redkmotors.fr/exemples/prix-embrayage-ford-puma/,301,TRUE,FALSE,FALSE
https://redkmotors.fr/exemples/prix-embrayage-hyundai-i20,https://redkmotors.fr/exemples/prix-embrayage-hyundai-i20/,301,TRUE,FALSE,FALSE
https://redkmotors.fr/exemples/prix-embrayage-hyundai-tucson,https://redkmotors.fr/exemples/prix-embrayage-hyundai-tucson/,301,TRUE,FALSE,FALSE
https://redkmotors.fr/exemples/prix-embrayage-kia-sportage,https://redkmotors.fr/exemples/prix-embrayage-kia-sportage/,301,TRUE,FALSE,FALSE
https://redkmotors.fr/exemples/prix-embrayage-mercedes-classe-a,https://redkmotors.fr/exemples/prix-embrayage-mercedes-classe-a/,301,TRUE,FALSE,FALSE
https://redkmotors.fr/exemples/prix-embrayage-mercedes-classe-c,https://redkmotors.fr/exemples/prix-embrayage-mercedes-classe-c/,301,TRUE,FALSE,FALSE
https://redkmotors.fr/exemples/prix-embrayage-nissan-juke,https://redkmotors.fr/exemples/prix-embrayage-nissan-juke/,301,TRUE,FALSE,FALSE
https://redkmotors.fr/exemples/prix-embrayage-nissan-micra,https://redkmotors.fr/exemples/prix-embrayage-nissan-micra/,301,TRUE,FALSE,FALSE
https://redkmotors.fr/exemples/prix-embrayage-nissan-qashqai,https://redkmotors.fr/exemples/prix-embrayage-nissan-qashqai/,301,TRUE,FALSE,FALSE
https://redkmotors.fr/exemples/prix-embrayage-opel-corsa,https://redkmotors.fr/exemples/prix-embrayage-opel-corsa/,301,TRUE,FALSE,FALSE
https://redkmotors.fr/exemples/prix-embrayage-peugeot-108,https://redkmotors.fr/exemples/prix-embrayage-peugeot-108/,301,TRUE,FALSE,FALSE
https://redkmotors.fr/exemples/prix-embrayage-peugeot-2008,https://redkmotors.fr/exemples/prix-embrayage-peugeot-2008/,301,TRUE,FALSE,FALSE
https://redkmotors.fr/exemples/prix-embrayage-peugeot-207,https://redkmotors.fr/exemples/prix-embrayage-peugeot-207/,301,TRUE,FALSE,FALSE
https://redkmotors.fr/exemples/prix-embrayage-peugeot-208,https://redkmotors.fr/exemples/prix-embrayage-peugeot-208/,301,TRUE,FALSE,FALSE
https://redkmotors.fr/exemples/prix-embrayage-peugeot-208-puretech,https://redkmotors.fr/exemples/prix-embrayage-peugeot-208-puretech/,301,TRUE,FALSE,FALSE
https://redkmotors.fr/exemples/prix-embrayage-peugeot-3008,https://redkmotors.fr/exemples/prix-embrayage-peugeot-3008/,301,TRUE,FALSE,FALSE
https://redkmotors.fr/exemples/prix-embrayage-peugeot-307,https://redkmotors.fr/exemples/prix-embrayage-peugeot-307/,301,TRUE,FALSE,FALSE
https://redkmotors.fr/exemples/prix-embrayage-peugeot-308,https://redkmotors.fr/exemples/prix-embrayage-peugeot-308/,301,TRUE,FALSE,FALSE
https://redkmotors.fr/exemples/prix-embrayage-peugeot-508,https://redkmotors.fr/exemples/prix-embrayage-peugeot-508/,301,TRUE,FALSE,FALSE
https://redkmotors.fr/exemples/prix-embrayage-peugeot-partner,https://redkmotors.fr/exemples/prix-embrayage-peugeot-partner/,301,TRUE,FALSE,FALSE
https://redkmotors.fr/exemples/prix-embrayage-peugeot-rifter,https://redkmotors.fr/exemples/prix-embrayage-peugeot-rifter/,301,TRUE,FALSE,FALSE
https://redkmotors.fr/exemples/prix-embrayage-renault-arkana,https://redkmotors.fr/exemples/prix-embrayage-renault-arkana/,301,TRUE,FALSE,FALSE
https://redkmotors.fr/exemples/prix-embrayage-renault-captur,https://redkmotors.fr/exemples/prix-embrayage-renault-captur/,301,TRUE,FALSE,FALSE
https://redkmotors.fr/exemples/prix-embrayage-renault-clio-4,https://redkmotors.fr/exemples/prix-embrayage-renault-clio-4/,301,TRUE,FALSE,FALSE
https://redkmotors.fr/exemples/prix-embrayage-renault-clio-5,https://redkmotors.fr/exemples/prix-embrayage-renault-clio-5/,301,TRUE,FALSE,FALSE
https://redkmotors.fr/exemples/prix-embrayage-renault-kangoo,https://redkmotors.fr/exemples/prix-embrayage-renault-kangoo/,301,TRUE,FALSE,FALSE
https://redkmotors.fr/exemples/prix-embrayage-renault-megane-3,https://redkmotors.fr/exemples/prix-embrayage-renault-megane-3/,301,TRUE,FALSE,FALSE
https://redkmotors.fr/exemples/prix-embrayage-renault-megane-4,https://redkmotors.fr/exemples/prix-embrayage-renault-megane-4/,301,TRUE,FALSE,FALSE
https://redkmotors.fr/exemples/prix-embrayage-renault-scenic,https://redkmotors.fr/exemples/prix-embrayage-renault-scenic/,301,TRUE,FALSE,FALSE
https://redkmotors.fr/exemples/prix-embrayage-renault-twingo-3,https://redkmotors.fr/exemples/prix-embrayage-renault-twingo-3/,301,TRUE,FALSE,FALSE
https://redkmotors.fr/exemples/prix-embrayage-renault-zoe,https://redkmotors.fr/exemples/prix-embrayage-renault-zoe/,301,TRUE,FALSE,FALSE
https://redkmotors.fr/exemples/prix-embrayage-seat-ibiza,https://redkmotors.fr/exemples/prix-embrayage-seat-ibiza/,301,TRUE,FALSE,FALSE
https://redkmotors.fr/exemples/prix-embrayage-skoda-octavia,https://redkmotors.fr/exemples/prix-embrayage-skoda-octavia/,301,TRUE,FALSE,FALSE
https://redkmotors.fr/exemples/prix-embrayage-toyota-c-hr,https://redkmotors.fr/exemples/prix-embrayage-toyota-c-hr/,301,TRUE,FALSE,FALSE
https://redkmotors.fr/exemples/prix-embrayage-toyota-corolla,https://redkmotors.fr/exemples/prix-embrayage-toyota-corolla/,301,TRUE,FALSE,FALSE
https://redkmotors.fr/exemples/prix-embrayage-toyota-rav4,https://redkmotors.fr/exemples/prix-embrayage-toyota-rav4/,301,TRUE,FALSE,FALSE
https://redkmotors.fr/exemples/prix-embrayage-toyota-yaris,https://redkmotors.fr/exemples/prix-embrayage-toyota-yaris/,301,TRUE,FALSE,FALSE
https://redkmotors.fr/exemples/prix-embrayage-volkswagen-golf-7,https://redkmotors.fr/exemples/prix-embrayage-volkswagen-golf-7/,301,TRUE,FALSE,FALSE
https://redkmotors.fr/exemples/prix-embrayage-volkswagen-golf-8,https://redkmotors.fr/exemples/prix-embrayage-volkswagen-golf-8/,301,TRUE,FALSE,FALSE
https://redkmotors.fr/exemples/prix-embrayage-volkswagen-passat,https://redkmotors.fr/exemples/prix-embrayage-volkswagen-passat/,301,TRUE,FALSE,FALSE
https://redkmotors.fr/exemples/prix-embrayage-volkswagen-polo,https://redkmotors.fr/exemples/prix-embrayage-volkswagen-polo/,301,TRUE,FALSE,FALSE
https://redkmotors.fr/exemples/prix-embrayage-volkswagen-t-roc,https://redkmotors.fr/exemples/prix-embrayage-volkswagen-t-roc/,301,TRUE,FALSE,FALSE
https://redkmotors.fr/exemples/prix-embrayage-volkswagen-tiguan,https://redkmotors.fr/exemples/prix-embrayage-volkswagen-tiguan/,301,TRUE,FALSE,FALSE
https://redkmotors.fr/exemples/prix-embrayage-volkswagen-touran,https://redkmotors.fr/exemples/prix-embrayage-volkswagen-touran/,301,TRUE,FALSE,FALSE
https://redkmotors.fr/exemples/prix-montage-pneus,https://redkmotors.fr/exemples/prix-montage-pneus/,301,TRUE,FALSE,FALSE
https://redkmotors.fr/exemples/prix-montage-pneus-audi-a3,https://redkmotors.fr/exemples/prix-montage-pneus-audi-a3/,301,TRUE,FALSE,FALSE
https://redkmotors.fr/exemples/prix-montage-pneus-bmw-serie-1,https://redkmotors.fr/exemples/prix-montage-pneus-bmw-serie-1/,301,TRUE,FALSE,FALSE
https://redkmotors.fr/exemples/prix-montage-pneus-bmw-serie-3,https://redkmotors.fr/exemples/prix-montage-pneus-bmw-serie-3/,301,TRUE,FALSE,FALSE
https://redkmotors.fr/exemples/prix-montage-pneus-citroen-berlingo,https://redkmotors.fr/exemples/prix-montage-pneus-citroen-berlingo/,301,TRUE,FALSE,FALSE
https://redkmotors.fr/exemples/prix-montage-pneus-citroen-c1,https://redkmotors.fr/exemples/prix-montage-pneus-citroen-c1/,301,TRUE,FALSE,FALSE
https://redkmotors.fr/exemples/prix-montage-pneus-citroen-c3,https://redkmotors.fr/exemples/prix-montage-pneus-citroen-c3/,301,TRUE,FALSE,FALSE
https://redkmotors.fr/exemples/prix-montage-pneus-citroen-c3-aircross,https://redkmotors.fr/exemples/prix-montage-pneus-citroen-c3-aircross/,301,TRUE,FALSE,FALSE
https://redkmotors.fr/exemples/prix-montage-pneus-citroen-c4,https://redkmotors.fr/exemples/prix-montage-pneus-citroen-c4/,301,TRUE,FALSE,FALSE
https://redkmotors.fr/exemples/prix-montage-pneus-citroen-c5-aircross,https://redkmotors.fr/exemples/prix-montage-pneus-citroen-c5-aircross/,301,TRUE,FALSE,FALSE
https://redkmotors.fr/exemples/prix-montage-pneus-dacia-duster,https://redkmotors.fr/exemples/prix-montage-pneus-dacia-duster/,301,TRUE,FALSE,FALSE
https://redkmotors.fr/exemples/prix-montage-pneus-dacia-logan,https://redkmotors.fr/exemples/prix-montage-pneus-dacia-logan/,301,TRUE,FALSE,FALSE
https://redkmotors.fr/exemples/prix-montage-pneus-dacia-sandero,https://redkmotors.fr/exemples/prix-montage-pneus-dacia-sandero/,301,TRUE,FALSE,FALSE
https://redkmotors.fr/exemples/prix-montage-pneus-fiat-500,https://redkmotors.fr/exemples/prix-montage-pneus-fiat-500/,301,TRUE,FALSE,FALSE
https://redkmotors.fr/exemples/prix-montage-pneus-ford-fiesta,https://redkmotors.fr/exemples/prix-montage-pneus-ford-fiesta/,301,TRUE,FALSE,FALSE
https://redkmotors.fr/exemples/prix-montage-pneus-ford-focus,https://redkmotors.fr/exemples/prix-montage-pneus-ford-focus/,301,TRUE,FALSE,FALSE
https://redkmotors.fr/exemples/prix-montage-pneus-ford-puma,https://redkmotors.fr/exemples/prix-montage-pneus-ford-puma/,301,TRUE,FALSE,FALSE
https://redkmotors.fr/exemples/prix-montage-pneus-hyundai-i20,https://redkmotors.fr/exemples/prix-montage-pneus-hyundai-i20/,301,TRUE,FALSE,FALSE
https://redkmotors.fr/exemples/prix-montage-pneus-hyundai-tucson,https://redkmotors.fr/exemples/prix-montage-pneus-hyundai-tucson/,301,TRUE,FALSE,FALSE
https://redkmotors.fr/exemples/prix-montage-pneus-kia-sportage,https://redkmotors.fr/exemples/prix-montage-pneus-kia-sportage/,301,TRUE,FALSE,FALSE
https://redkmotors.fr/exemples/prix-montage-pneus-mercedes-classe-a,https://redkmotors.fr/exemples/prix-montage-pneus-mercedes-classe-a/,301,TRUE,FALSE,FALSE
https://redkmotors.fr/exemples/prix-montage-pneus-mercedes-classe-c,https://redkmotors.fr/exemples/prix-montage-pneus-mercedes-classe-c/,301,TRUE,FALSE,FALSE
https://redkmotors.fr/exemples/prix-montage-pneus-nissan-juke,https://redkmotors.fr/exemples/prix-montage-pneus-nissan-juke/,301,TRUE,FALSE,FALSE
https://redkmotors.fr/exemples/prix-montage-pneus-nissan-micra,https://redkmotors.fr/exemples/prix-montage-pneus-nissan-micra/,301,TRUE,FALSE,FALSE
https://redkmotors.fr/exemples/prix-montage-pneus-nissan-qashqai,https://redkmotors.fr/exemples/prix-montage-pneus-nissan-qashqai/,301,TRUE,FALSE,FALSE
https://redkmotors.fr/exemples/prix-montage-pneus-opel-corsa,https://redkmotors.fr/exemples/prix-montage-pneus-opel-corsa/,301,TRUE,FALSE,FALSE
https://redkmotors.fr/exemples/prix-montage-pneus-peugeot-108,https://redkmotors.fr/exemples/prix-montage-pneus-peugeot-108/,301,TRUE,FALSE,FALSE
https://redkmotors.fr/exemples/prix-montage-pneus-peugeot-2008,https://redkmotors.fr/exemples/prix-montage-pneus-peugeot-2008/,301,TRUE,FALSE,FALSE
https://redkmotors.fr/exemples/prix-montage-pneus-peugeot-207,https://redkmotors.fr/exemples/prix-montage-pneus-peugeot-207/,301,TRUE,FALSE,FALSE
https://redkmotors.fr/exemples/prix-montage-pneus-peugeot-208,https://redkmotors.fr/exemples/prix-montage-pneus-peugeot-208/,301,TRUE,FALSE,FALSE
https://redkmotors.fr/exemples/prix-montage-pneus-peugeot-208-puretech,https://redkmotors.fr/exemples/prix-montage-pneus-peugeot-208-puretech/,301,TRUE,FALSE,FALSE
https://redkmotors.fr/exemples/prix-montage-pneus-peugeot-3008,https://redkmotors.fr/exemples/prix-montage-pneus-peugeot-3008/,301,TRUE,FALSE,FALSE
https://redkmotors.fr/exemples/prix-montage-pneus-peugeot-307,https://redkmotors.fr/exemples/prix-montage-pneus-peugeot-307/,301,TRUE,FALSE,FALSE
https://redkmotors.fr/exemples/prix-montage-pneus-peugeot-308,https://redkmotors.fr/exemples/prix-montage-pneus-peugeot-308/,301,TRUE,FALSE,FALSE
https://redkmotors.fr/exemples/prix-montage-pneus-peugeot-508,https://redkmotors.fr/exemples/prix-montage-pneus-peugeot-508/,301,TRUE,FALSE,FALSE
https://redkmotors.fr/exemples/prix-montage-pneus-peugeot-partner,https://redkmotors.fr/exemples/prix-montage-pneus-peugeot-partner/,301,TRUE,FALSE,FALSE
https://redkmotors.fr/exemples/prix-montage-pneus-peugeot-rifter,https://redkmotors.fr/exemples/prix-montage-pneus-peugeot-rifter/,301,TRUE,FALSE,FALSE
https://redkmotors.fr/exemples/prix-montage-pneus-renault-arkana,https://redkmotors.fr/exemples/prix-montage-pneus-renault-arkana/,301,TRUE,FALSE,FALSE
https://redkmotors.fr/exemples/prix-montage-pneus-renault-captur,https://redkmotors.fr/exemples/prix-montage-pneus-renault-captur/,301,TRUE,FALSE,FALSE
https://redkmotors.fr/exemples/prix-montage-pneus-renault-clio-4,https://redkmotors.fr/exemples/prix-montage-pneus-renault-clio-4/,301,TRUE,FALSE,FALSE
https://redkmotors.fr/exemples/prix-montage-pneus-renault-clio-5,https://redkmotors.fr/exemples/prix-montage-pneus-renault-clio-5/,301,TRUE,FALSE,FALSE
https://redkmotors.fr/exemples/prix-montage-pneus-renault-kangoo,https://redkmotors.fr/exemples/prix-montage-pneus-renault-kangoo/,301,TRUE,FALSE,FALSE
https://redkmotors.fr/exemples/prix-montage-pneus-renault-megane-3,https://redkmotors.fr/exemples/prix-montage-pneus-renault-megane-3/,301,TRUE,FALSE,FALSE
https://redkmotors.fr/exemples/prix-montage-pneus-renault-megane-4,https://redkmotors.fr/exemples/prix-montage-pneus-renault-megane-4/,301,TRUE,FALSE,FALSE
https://redkmotors.fr/exemples/prix-montage-pneus-renault-scenic,https://redkmotors.fr/exemples/prix-montage-pneus-renault-scenic/,301,TRUE,FALSE,FALSE
https://redkmotors.fr/exemples/prix-montage-pneus-renault-twingo-3,https://redkmotors.fr/exemples/prix-montage-pneus-renault-twingo-3/,301,TRUE,FALSE,FALSE
https://redkmotors.fr/exemples/prix-montage-pneus-renault-zoe,https://redkmotors.fr/exemples/prix-montage-pneus-renault-zoe/,301,TRUE,FALSE,FALSE
https://redkmotors.fr/exemples/prix-montage-pneus-seat-ibiza,https://redkmotors.fr/exemples/prix-montage-pneus-seat-ibiza/,301,TRUE,FALSE,FALSE
https://redkmotors.fr/exemples/prix-montage-pneus-skoda-octavia,https://redkmotors.fr/exemples/prix-montage-pneus-skoda-octavia/,301,TRUE,FALSE,FALSE
https://redkmotors.fr/exemples/prix-montage-pneus-toyota-c-hr,https://redkmotors.fr/exemples/prix-montage-pneus-toyota-c-hr/,301,TRUE,FALSE,FALSE
https://redkmotors.fr/exemples/prix-montage-pneus-toyota-corolla,https://redkmotors.fr/exemples/prix-montage-pneus-toyota-corolla/,301,TRUE,FALSE,FALSE
https://redkmotors.fr/exemples/prix-montage-pneus-toyota-rav4,https://redkmotors.fr/exemples/prix-montage-pneus-toyota-rav4/,301,TRUE,FALSE,FALSE
https://redkmotors.fr/exemples/prix-montage-pneus-toyota-yaris,https://redkmotors.fr/exemples/prix-montage-pneus-toyota-yaris/,301,TRUE,FALSE,FALSE
https://redkmotors.fr/exemples/prix-montage-pneus-volkswagen-golf-7,https://redkmotors.fr/exemples/prix-montage-pneus-volkswagen-golf-7/,301,TRUE,FALSE,FALSE
https://redkmotors.fr/exemples/prix-montage-pneus-volkswagen-golf-8,https://redkmotors.fr/exemples/prix-montage-pneus-volkswagen-golf-8/,301,TRUE,FALSE,FALSE
https://redkmotors.fr/exemples/prix-montage-pneus-volkswagen-passat,https://redkmotors.fr/exemples/prix-montage-pneus-volkswagen-passat/,301,TRUE,FALSE,FALSE
https://redkmotors.fr/exemples/prix-montage-pneus-volkswagen-polo,https://redkmotors.fr/exemples/prix-montage-pneus-volkswagen-polo/,301,TRUE,FALSE,FALSE
https://redkmotors.fr/exemples/prix-montage-pneus-volkswagen-t-roc,https://redkmotors.fr/exemples/prix-montage-pneus-volkswagen-t-roc/,301,TRUE,FALSE,FALSE
https://redkmotors.fr/exemples/prix-montage-pneus-volkswagen-tiguan,https://redkmotors.fr/exemples/prix-montage-pneus-volkswagen-tiguan/,301,TRUE,FALSE,FALSE
https://redkmotors.fr/exemples/prix-montage-pneus-volkswagen-touran,https://redkmotors.fr/exemples/prix-montage-pneus-volkswagen-touran/,301,TRUE,FALSE,FALSE
https://redkmotors.fr/exemples/prix-pare-brise,https://redkmotors.fr/exemples/prix-pare-brise/,301,TRUE,FALSE,FALSE
https://redkmotors.fr/exemples/prix-pare-brise-audi-a3,https://redkmotors.fr/exemples/prix-pare-brise-audi-a3/,301,TRUE,FALSE,FALSE
https://redkmotors.fr/exemples/prix-pare-brise-bmw-serie-1,https://redkmotors.fr/exemples/prix-pare-brise-bmw-serie-1/,301,TRUE,FALSE,FALSE
https://redkmotors.fr/exemples/prix-pare-brise-bmw-serie-3,https://redkmotors.fr/exemples/prix-pare-brise-bmw-serie-3/,301,TRUE,FALSE,FALSE
https://redkmotors.fr/exemples/prix-pare-brise-citroen-berlingo,https://redkmotors.fr/exemples/prix-pare-brise-citroen-berlingo/,301,TRUE,FALSE,FALSE
https://redkmotors.fr/exemples/prix-pare-brise-citroen-c1,https://redkmotors.fr/exemples/prix-pare-brise-citroen-c1/,301,TRUE,FALSE,FALSE
https://redkmotors.fr/exemples/prix-pare-brise-citroen-c3,https://redkmotors.fr/exemples/prix-pare-brise-citroen-c3/,301,TRUE,FALSE,FALSE
https://redkmotors.fr/exemples/prix-pare-brise-citroen-c3-aircross,https://redkmotors.fr/exemples/prix-pare-brise-citroen-c3-aircross/,301,TRUE,FALSE,FALSE
https://redkmotors.fr/exemples/prix-pare-brise-citroen-c4,https://redkmotors.fr/exemples/prix-pare-brise-citroen-c4/,301,TRUE,FALSE,FALSE
https://redkmotors.fr/exemples/prix-pare-brise-citroen-c5-aircross,https://redkmotors.fr/exemples/prix-pare-brise-citroen-c5-aircross/,301,TRUE,FALSE,FALSE
https://redkmotors.fr/exemples/prix-pare-brise-dacia-duster,https://redkmotors.fr/exemples/prix-pare-brise-dacia-duster/,301,TRUE,FALSE,FALSE
https://redkmotors.fr/exemples/prix-pare-brise-dacia-logan,https://redkmotors.fr/exemples/prix-pare-brise-dacia-logan/,301,TRUE,FALSE,FALSE
https://redkmotors.fr/exemples/prix-pare-brise-dacia-sandero,https://redkmotors.fr/exemples/prix-pare-brise-dacia-sandero/,301,TRUE,FALSE,FALSE
https://redkmotors.fr/exemples/prix-pare-brise-fiat-500,https://redkmotors.fr/exemples/prix-pare-brise-fiat-500/,301,TRUE,FALSE,FALSE
https://redkmotors.fr/exemples/prix-pare-brise-ford-fiesta,https://redkmotors.fr/exemples/prix-pare-brise-ford-fiesta/,301,TRUE,FALSE,FALSE
https://redkmotors.fr/exemples/prix-pare-brise-ford-focus,https://redkmotors.fr/exemples/prix-pare-brise-ford-focus/,301,TRUE,FALSE,FALSE
https://redkmotors.fr/exemples/prix-pare-brise-ford-puma,https://redkmotors.fr/exemples/prix-pare-brise-ford-puma/,301,TRUE,FALSE,FALSE
https://redkmotors.fr/exemples/prix-pare-brise-hyundai-i20,https://redkmotors.fr/exemples/prix-pare-brise-hyundai-i20/,301,TRUE,FALSE,FALSE
https://redkmotors.fr/exemples/prix-pare-brise-hyundai-tucson,https://redkmotors.fr/exemples/prix-pare-brise-hyundai-tucson/,301,TRUE,FALSE,FALSE
https://redkmotors.fr/exemples/prix-pare-brise-kia-sportage,https://redkmotors.fr/exemples/prix-pare-brise-kia-sportage/,301,TRUE,FALSE,FALSE
https://redkmotors.fr/exemples/prix-pare-brise-mercedes-classe-a,https://redkmotors.fr/exemples/prix-pare-brise-mercedes-classe-a/,301,TRUE,FALSE,FALSE
https://redkmotors.fr/exemples/prix-pare-brise-mercedes-classe-c,https://redkmotors.fr/exemples/prix-pare-brise-mercedes-classe-c/,301,TRUE,FALSE,FALSE
https://redkmotors.fr/exemples/prix-pare-brise-nissan-juke,https://redkmotors.fr/exemples/prix-pare-brise-nissan-juke/,301,TRUE,FALSE,FALSE
https://redkmotors.fr/exemples/prix-pare-brise-nissan-micra,https://redkmotors.fr/exemples/prix-pare-brise-nissan-micra/,301,TRUE,FALSE,FALSE
https://redkmotors.fr/exemples/prix-pare-brise-nissan-qashqai,https://redkmotors.fr/exemples/prix-pare-brise-nissan-qashqai/,301,TRUE,FALSE,FALSE
https://redkmotors.fr/exemples/prix-pare-brise-opel-corsa,https://redkmotors.fr/exemples/prix-pare-brise-opel-corsa/,301,TRUE,FALSE,FALSE
https://redkmotors.fr/exemples/prix-pare-brise-peugeot-108,https://redkmotors.fr/exemples/prix-pare-brise-peugeot-108/,301,TRUE,FALSE,FALSE
https://redkmotors.fr/exemples/prix-pare-brise-peugeot-2008,https://redkmotors.fr/exemples/prix-pare-brise-peugeot-2008/,301,TRUE,FALSE,FALSE
https://redkmotors.fr/exemples/prix-pare-brise-peugeot-207,https://redkmotors.fr/exemples/prix-pare-brise-peugeot-207/,301,TRUE,FALSE,FALSE
https://redkmotors.fr/exemples/prix-pare-brise-peugeot-208,https://redkmotors.fr/exemples/prix-pare-brise-peugeot-208/,301,TRUE,FALSE,FALSE
https://redkmotors.fr/exemples/prix-pare-brise-peugeot-208-puretech,https://redkmotors.fr/exemples/prix-pare-brise-peugeot-208-puretech/,301,TRUE,FALSE,FALSE
https://redkmotors.fr/exemples/prix-pare-brise-peugeot-3008,https://redkmotors.fr/exemples/prix-pare-brise-peugeot-3008/,301,TRUE,FALSE,FALSE
https://redkmotors.fr/exemples/prix-pare-brise-peugeot-307,https://redkmotors.fr/exemples/prix-pare-brise-peugeot-307/,301,TRUE,FALSE,FALSE
https://redkmotors.fr/exemples/prix-pare-brise-peugeot-308,https://redkmotors.fr/exemples/prix-pare-brise-peugeot-308/,301,TRUE,FALSE,FALSE
https://redkmotors.fr/exemples/prix-pare-brise-peugeot-508,https://redkmotors.fr/exemples/prix-pare-brise-peugeot-508/,301,TRUE,FALSE,FALSE
https://redkmotors.fr/exemples/prix-pare-brise-peugeot-partner,https://redkmotors.fr/exemples/prix-pare-brise-peugeot-partner/,301,TRUE,FALSE,FALSE
https://redkmotors.fr/exemples/prix-pare-brise-peugeot-rifter,https://redkmotors.fr/exemples/prix-pare-brise-peugeot-rifter/,301,TRUE,FALSE,FALSE
https://redkmotors.fr/exemples/prix-pare-brise-renault-arkana,https://redkmotors.fr/exemples/prix-pare-brise-renault-arkana/,301,TRUE,FALSE,FALSE
https://redkmotors.fr/exemples/prix-pare-brise-renault-captur,https://redkmotors.fr/exemples/prix-pare-brise-renault-captur/,301,TRUE,FALSE,FALSE
https://redkmotors.fr/exemples/prix-pare-brise-renault-clio-4,https://redkmotors.fr/exemples/prix-pare-brise-renault-clio-4/,301,TRUE,FALSE,FALSE
https://redkmotors.fr/exemples/prix-pare-brise-renault-clio-5,https://redkmotors.fr/exemples/prix-pare-brise-renault-clio-5/,301,TRUE,FALSE,FALSE
https://redkmotors.fr/exemples/prix-pare-brise-renault-kangoo,https://redkmotors.fr/exemples/prix-pare-brise-renault-kangoo/,301,TRUE,FALSE,FALSE
https://redkmotors.fr/exemples/prix-pare-brise-renault-megane-3,https://redkmotors.fr/exemples/prix-pare-brise-renault-megane-3/,301,TRUE,FALSE,FALSE
https://redkmotors.fr/exemples/prix-pare-brise-renault-megane-4,https://redkmotors.fr/exemples/prix-pare-brise-renault-megane-4/,301,TRUE,FALSE,FALSE
https://redkmotors.fr/exemples/prix-pare-brise-renault-scenic,https://redkmotors.fr/exemples/prix-pare-brise-renault-scenic/,301,TRUE,FALSE,FALSE
https://redkmotors.fr/exemples/prix-pare-brise-renault-twingo-3,https://redkmotors.fr/exemples/prix-pare-brise-renault-twingo-3/,301,TRUE,FALSE,FALSE
https://redkmotors.fr/exemples/prix-pare-brise-renault-zoe,https://redkmotors.fr/exemples/prix-pare-brise-renault-zoe/,301,TRUE,FALSE,FALSE
https://redkmotors.fr/exemples/prix-pare-brise-seat-ibiza,https://redkmotors.fr/exemples/prix-pare-brise-seat-ibiza/,301,TRUE,FALSE,FALSE
https://redkmotors.fr/exemples/prix-pare-brise-skoda-octavia,https://redkmotors.fr/exemples/prix-pare-brise-skoda-octavia/,301,TRUE,FALSE,FALSE
https://redkmotors.fr/exemples/prix-pare-brise-toyota-c-hr,https://redkmotors.fr/exemples/prix-pare-brise-toyota-c-hr/,301,TRUE,FALSE,FALSE
https://redkmotors.fr/exemples/prix-pare-brise-toyota-corolla,https://redkmotors.fr/exemples/prix-pare-brise-toyota-corolla/,301,TRUE,FALSE,FALSE
https://redkmotors.fr/exemples/prix-pare-brise-toyota-rav4,https://redkmotors.fr/exemples/prix-pare-brise-toyota-rav4/,301,TRUE,FALSE,FALSE
https://redkmotors.fr/exemples/prix-pare-brise-toyota-yaris,https://redkmotors.fr/exemples/prix-pare-brise-toyota-yaris/,301,TRUE,FALSE,FALSE
https://redkmotors.fr/exemples/prix-pare-brise-volkswagen-golf-7,https://redkmotors.fr/exemples/prix-pare-brise-volkswagen-golf-7/,301,TRUE,FALSE,FALSE
https://redkmotors.fr/exemples/prix-pare-brise-volkswagen-golf-8,https://redkmotors.fr/exemples/prix-pare-brise-volkswagen-golf-8/,301,TRUE,FALSE,FALSE
https://redkmotors.fr/exemples/prix-pare-brise-volkswagen-passat,https://redkmotors.fr/exemples/prix-pare-brise-volkswagen-passat/,301,TRUE,FALSE,FALSE
https://redkmotors.fr/exemples/prix-pare-brise-volkswagen-polo,https://redkmotors.fr/exemples/prix-pare-brise-volkswagen-polo/,301,TRUE,FALSE,FALSE
https://redkmotors.fr/exemples/prix-pare-brise-volkswagen-t-roc,https://redkmotors.fr/exemples/prix-pare-brise-volkswagen-t-roc/,301,TRUE,FALSE,FALSE
https://redkmotors.fr/exemples/prix-pare-brise-volkswagen-tiguan,https://redkmotors.fr/exemples/prix-pare-brise-volkswagen-tiguan/,301,TRUE,FALSE,FALSE
https://redkmotors.fr/exemples/prix-pare-brise-volkswagen-touran,https://redkmotors.fr/exemples/prix-pare-brise-volkswagen-touran/,301,TRUE,FALSE,FALSE
https://redkmotors.fr/exemples/prix-plaquettes-frein,https://redkmotors.fr/exemples/prix-plaquettes-frein/,301,TRUE,FALSE,FALSE
https://redkmotors.fr/exemples/prix-plaquettes-frein-audi-a3,https://redkmotors.fr/exemples/prix-plaquettes-frein-audi-a3/,301,TRUE,FALSE,FALSE
https://redkmotors.fr/exemples/prix-plaquettes-frein-bmw-serie-1,https://redkmotors.fr/exemples/prix-plaquettes-frein-bmw-serie-1/,301,TRUE,FALSE,FALSE
https://redkmotors.fr/exemples/prix-plaquettes-frein-bmw-serie-3,https://redkmotors.fr/exemples/prix-plaquettes-frein-bmw-serie-3/,301,TRUE,FALSE,FALSE
https://redkmotors.fr/exemples/prix-plaquettes-frein-citroen-berlingo,https://redkmotors.fr/exemples/prix-plaquettes-frein-citroen-berlingo/,301,TRUE,FALSE,FALSE
https://redkmotors.fr/exemples/prix-plaquettes-frein-citroen-c1,https://redkmotors.fr/exemples/prix-plaquettes-frein-citroen-c1/,301,TRUE,FALSE,FALSE
https://redkmotors.fr/exemples/prix-plaquettes-frein-citroen-c3,https://redkmotors.fr/exemples/prix-plaquettes-frein-citroen-c3/,301,TRUE,FALSE,FALSE
https://redkmotors.fr/exemples/prix-plaquettes-frein-citroen-c3-aircross,https://redkmotors.fr/exemples/prix-plaquettes-frein-citroen-c3-aircross/,301,TRUE,FALSE,FALSE
https://redkmotors.fr/exemples/prix-plaquettes-frein-citroen-c4,https://redkmotors.fr/exemples/prix-plaquettes-frein-citroen-c4/,301,TRUE,FALSE,FALSE
https://redkmotors.fr/exemples/prix-plaquettes-frein-citroen-c5-aircross,https://redkmotors.fr/exemples/prix-plaquettes-frein-citroen-c5-aircross/,301,TRUE,FALSE,FALSE
https://redkmotors.fr/exemples/prix-plaquettes-frein-dacia-duster,https://redkmotors.fr/exemples/prix-plaquettes-frein-dacia-duster/,301,TRUE,FALSE,FALSE
https://redkmotors.fr/exemples/prix-plaquettes-frein-dacia-logan,https://redkmotors.fr/exemples/prix-plaquettes-frein-dacia-logan/,301,TRUE,FALSE,FALSE
https://redkmotors.fr/exemples/prix-plaquettes-frein-dacia-sandero,https://redkmotors.fr/exemples/prix-plaquettes-frein-dacia-sandero/,301,TRUE,FALSE,FALSE
https://redkmotors.fr/exemples/prix-plaquettes-frein-fiat-500,https://redkmotors.fr/exemples/prix-plaquettes-frein-fiat-500/,301,TRUE,FALSE,FALSE
https://redkmotors.fr/exemples/prix-plaquettes-frein-ford-fiesta,https://redkmotors.fr/exemples/prix-plaquettes-frein-ford-fiesta/,301,TRUE,FALSE,FALSE
https://redkmotors.fr/exemples/prix-plaquettes-frein-ford-focus,https://redkmotors.fr/exemples/prix-plaquettes-frein-ford-focus/,301,TRUE,FALSE,FALSE
https://redkmotors.fr/exemples/prix-plaquettes-frein-ford-puma,https://redkmotors.fr/exemples/prix-plaquettes-frein-ford-puma/,301,TRUE,FALSE,FALSE
https://redkmotors.fr/exemples/prix-plaquettes-frein-hyundai-i20,https://redkmotors.fr/exemples/prix-plaquettes-frein-hyundai-i20/,301,TRUE,FALSE,FALSE
https://redkmotors.fr/exemples/prix-plaquettes-frein-hyundai-tucson,https://redkmotors.fr/exemples/prix-plaquettes-frein-hyundai-tucson/,301,TRUE,FALSE,FALSE
https://redkmotors.fr/exemples/prix-plaquettes-frein-kia-sportage,https://redkmotors.fr/exemples/prix-plaquettes-frein-kia-sportage/,301,TRUE,FALSE,FALSE
https://redkmotors.fr/exemples/prix-plaquettes-frein-mercedes-classe-a,https://redkmotors.fr/exemples/prix-plaquettes-frein-mercedes-classe-a/,301,TRUE,FALSE,FALSE
https://redkmotors.fr/exemples/prix-plaquettes-frein-mercedes-classe-c,https://redkmotors.fr/exemples/prix-plaquettes-frein-mercedes-classe-c/,301,TRUE,FALSE,FALSE
https://redkmotors.fr/exemples/prix-plaquettes-frein-nissan-juke,https://redkmotors.fr/exemples/prix-plaquettes-frein-nissan-juke/,301,TRUE,FALSE,FALSE
https://redkmotors.fr/exemples/prix-plaquettes-frein-nissan-micra,https://redkmotors.fr/exemples/prix-plaquettes-frein-nissan-micra/,301,TRUE,FALSE,FALSE
https://redkmotors.fr/exemples/prix-plaquettes-frein-nissan-qashqai,https://redkmotors.fr/exemples/prix-plaquettes-frein-nissan-qashqai/,301,TRUE,FALSE,FALSE
https://redkmotors.fr/exemples/prix-plaquettes-frein-opel-corsa,https://redkmotors.fr/exemples/prix-plaquettes-frein-opel-corsa/,301,TRUE,FALSE,FALSE
https://redkmotors.fr/exemples/prix-plaquettes-frein-peugeot-108,https://redkmotors.fr/exemples/prix-plaquettes-frein-peugeot-108/,301,TRUE,FALSE,FALSE
https://redkmotors.fr/exemples/prix-plaquettes-frein-peugeot-2008,https://redkmotors.fr/exemples/prix-plaquettes-frein-peugeot-2008/,301,TRUE,FALSE,FALSE
https://redkmotors.fr/exemples/prix-plaquettes-frein-peugeot-207,https://redkmotors.fr/exemples/prix-plaquettes-frein-peugeot-207/,301,TRUE,FALSE,FALSE
https://redkmotors.fr/exemples/prix-plaquettes-frein-peugeot-208,https://redkmotors.fr/exemples/prix-plaquettes-frein-peugeot-208/,301,TRUE,FALSE,FALSE
https://redkmotors.fr/exemples/prix-plaquettes-frein-peugeot-208-puretech,https://redkmotors.fr/exemples/prix-plaquettes-frein-peugeot-208-puretech/,301,TRUE,FALSE,FALSE
https://redkmotors.fr/exemples/prix-plaquettes-frein-peugeot-3008,https://redkmotors.fr/exemples/prix-plaquettes-frein-peugeot-3008/,301,TRUE,FALSE,FALSE
https://redkmotors.fr/exemples/prix-plaquettes-frein-peugeot-307,https://redkmotors.fr/exemples/prix-plaquettes-frein-peugeot-307/,301,TRUE,FALSE,FALSE
https://redkmotors.fr/exemples/prix-plaquettes-frein-peugeot-308,https://redkmotors.fr/exemples/prix-plaquettes-frein-peugeot-308/,301,TRUE,FALSE,FALSE
https://redkmotors.fr/exemples/prix-plaquettes-frein-peugeot-508,https://redkmotors.fr/exemples/prix-plaquettes-frein-peugeot-508/,301,TRUE,FALSE,FALSE
https://redkmotors.fr/exemples/prix-plaquettes-frein-peugeot-partner,https://redkmotors.fr/exemples/prix-plaquettes-frein-peugeot-partner/,301,TRUE,FALSE,FALSE
https://redkmotors.fr/exemples/prix-plaquettes-frein-peugeot-rifter,https://redkmotors.fr/exemples/prix-plaquettes-frein-peugeot-rifter/,301,TRUE,FALSE,FALSE
https://redkmotors.fr/exemples/prix-plaquettes-frein-renault-arkana,https://redkmotors.fr/exemples/prix-plaquettes-frein-renault-arkana/,301,TRUE,FALSE,FALSE
https://redkmotors.fr/exemples/prix-plaquettes-frein-renault-captur,https://redkmotors.fr/exemples/prix-plaquettes-frein-renault-captur/,301,TRUE,FALSE,FALSE
https://redkmotors.fr/exemples/prix-plaquettes-frein-renault-clio-4,https://redkmotors.fr/exemples/prix-plaquettes-frein-renault-clio-4/,301,TRUE,FALSE,FALSE
https://redkmotors.fr/exemples/prix-plaquettes-frein-renault-clio-5,https://redkmotors.fr/exemples/prix-plaquettes-frein-renault-clio-5/,301,TRUE,FALSE,FALSE
https://redkmotors.fr/exemples/prix-plaquettes-frein-renault-kangoo,https://redkmotors.fr/exemples/prix-plaquettes-frein-renault-kangoo/,301,TRUE,FALSE,FALSE
https://redkmotors.fr/exemples/prix-plaquettes-frein-renault-megane-3,https://redkmotors.fr/exemples/prix-plaquettes-frein-renault-megane-3/,301,TRUE,FALSE,FALSE
https://redkmotors.fr/exemples/prix-plaquettes-frein-renault-megane-4,https://redkmotors.fr/exemples/prix-plaquettes-frein-renault-megane-4/,301,TRUE,FALSE,FALSE
https://redkmotors.fr/exemples/prix-plaquettes-frein-renault-scenic,https://redkmotors.fr/exemples/prix-plaquettes-frein-renault-scenic/,301,TRUE,FALSE,FALSE
https://redkmotors.fr/exemples/prix-plaquettes-frein-renault-twingo-3,https://redkmotors.fr/exemples/prix-plaquettes-frein-renault-twingo-3/,301,TRUE,FALSE,FALSE
https://redkmotors.fr/exemples/prix-plaquettes-frein-renault-zoe,https://redkmotors.fr/exemples/prix-plaquettes-frein-renault-zoe/,301,TRUE,FALSE,FALSE
https://redkmotors.fr/exemples/prix-plaquettes-frein-seat-ibiza,https://redkmotors.fr/exemples/prix-plaquettes-frein-seat-ibiza/,301,TRUE,FALSE,FALSE
https://redkmotors.fr/exemples/prix-plaquettes-frein-skoda-octavia,https://redkmotors.fr/exemples/prix-plaquettes-frein-skoda-octavia/,301,TRUE,FALSE,FALSE
https://redkmotors.fr/exemples/prix-plaquettes-frein-toyota-c-hr,https://redkmotors.fr/exemples/prix-plaquettes-frein-toyota-c-hr/,301,TRUE,FALSE,FALSE
https://redkmotors.fr/exemples/prix-plaquettes-frein-toyota-corolla,https://redkmotors.fr/exemples/prix-plaquettes-frein-toyota-corolla/,301,TRUE,FALSE,FALSE
https://redkmotors.fr/exemples/prix-plaquettes-frein-toyota-rav4,https://redkmotors.fr/exemples/prix-plaquettes-frein-toyota-rav4/,301,TRUE,FALSE,FALSE
https://redkmotors.fr/exemples/prix-plaquettes-frein-toyota-yaris,https://redkmotors.fr/exemples/prix-plaquettes-frein-toyota-yaris/,301,TRUE,FALSE,FALSE
https://redkmotors.fr/exemples/prix-plaquettes-frein-volkswagen-golf-7,https://redkmotors.fr/exemples/prix-plaquettes-frein-volkswagen-golf-7/,301,TRUE,FALSE,FALSE
https://redkmotors.fr/exemples/prix-plaquettes-frein-volkswagen-golf-8,https://redkmotors.fr/exemples/prix-plaquettes-frein-volkswagen-golf-8/,301,TRUE,FALSE,FALSE
https://redkmotors.fr/exemples/prix-plaquettes-frein-volkswagen-passat,https://redkmotors.fr/exemples/prix-plaquettes-frein-volkswagen-passat/,301,TRUE,FALSE,FALSE
https://redkmotors.fr/exemples/prix-plaquettes-frein-volkswagen-polo,https://redkmotors.fr/exemples/prix-plaquettes-frein-volkswagen-polo/,301,TRUE,FALSE,FALSE
https://redkmotors.fr/exemples/prix-plaquettes-frein-volkswagen-t-roc,https://redkmotors.fr/exemples/prix-plaquettes-frein-volkswagen-t-roc/,301,TRUE,FALSE,FALSE
https://redkmotors.fr/exemples/prix-plaquettes-frein-volkswagen-tiguan,https://redkmotors.fr/exemples/prix-plaquettes-frein-volkswagen-tiguan/,301,TRUE,FALSE,FALSE
https://redkmotors.fr/exemples/prix-plaquettes-frein-volkswagen-touran,https://redkmotors.fr/exemples/prix-plaquettes-frein-volkswagen-touran/,301,TRUE,FALSE,FALSE
https://redkmotors.fr/exemples/prix-recharge-climatisation,https://redkmotors.fr/exemples/prix-recharge-climatisation/,301,TRUE,FALSE,FALSE
https://redkmotors.fr/exemples/prix-recharge-climatisation-audi-a3,https://redkmotors.fr/exemples/prix-recharge-climatisation-audi-a3/,301,TRUE,FALSE,FALSE
https://redkmotors.fr/exemples/prix-recharge-climatisation-bmw-serie-1,https://redkmotors.fr/exemples/prix-recharge-climatisation-bmw-serie-1/,301,TRUE,FALSE,FALSE
https://redkmotors.fr/exemples/prix-recharge-climatisation-bmw-serie-3,https://redkmotors.fr/exemples/prix-recharge-climatisation-bmw-serie-3/,301,TRUE,FALSE,FALSE
https://redkmotors.fr/exemples/prix-recharge-climatisation-citroen-berlingo,https://redkmotors.fr/exemples/prix-recharge-climatisation-citroen-berlingo/,301,TRUE,FALSE,FALSE
https://redkmotors.fr/exemples/prix-recharge-climatisation-citroen-c1,https://redkmotors.fr/exemples/prix-recharge-climatisation-citroen-c1/,301,TRUE,FALSE,FALSE
https://redkmotors.fr/exemples/prix-recharge-climatisation-citroen-c3,https://redkmotors.fr/exemples/prix-recharge-climatisation-citroen-c3/,301,TRUE,FALSE,FALSE
https://redkmotors.fr/exemples/prix-recharge-climatisation-citroen-c3-aircross,https://redkmotors.fr/exemples/prix-recharge-climatisation-citroen-c3-aircross/,301,TRUE,FALSE,FALSE
https://redkmotors.fr/exemples/prix-recharge-climatisation-citroen-c4,https://redkmotors.fr/exemples/prix-recharge-climatisation-citroen-c4/,301,TRUE,FALSE,FALSE
https://redkmotors.fr/exemples/prix-recharge-climatisation-citroen-c5-aircross,https://redkmotors.fr/exemples/prix-recharge-climatisation-citroen-c5-aircross/,301,TRUE,FALSE,FALSE
https://redkmotors.fr/exemples/prix-recharge-climatisation-dacia-duster,https://redkmotors.fr/exemples/prix-recharge-climatisation-dacia-duster/,301,TRUE,FALSE,FALSE
https://redkmotors.fr/exemples/prix-recharge-climatisation-dacia-logan,https://redkmotors.fr/exemples/prix-recharge-climatisation-dacia-logan/,301,TRUE,FALSE,FALSE
https://redkmotors.fr/exemples/prix-recharge-climatisation-dacia-sandero,https://redkmotors.fr/exemples/prix-recharge-climatisation-dacia-sandero/,301,TRUE,FALSE,FALSE
https://redkmotors.fr/exemples/prix-recharge-climatisation-fiat-500,https://redkmotors.fr/exemples/prix-recharge-climatisation-fiat-500/,301,TRUE,FALSE,FALSE
https://redkmotors.fr/exemples/prix-recharge-climatisation-ford-fiesta,https://redkmotors.fr/exemples/prix-recharge-climatisation-ford-fiesta/,301,TRUE,FALSE,FALSE
https://redkmotors.fr/exemples/prix-recharge-climatisation-ford-focus,https://redkmotors.fr/exemples/prix-recharge-climatisation-ford-focus/,301,TRUE,FALSE,FALSE
https://redkmotors.fr/exemples/prix-recharge-climatisation-ford-puma,https://redkmotors.fr/exemples/prix-recharge-climatisation-ford-puma/,301,TRUE,FALSE,FALSE
https://redkmotors.fr/exemples/prix-recharge-climatisation-hyundai-i20,https://redkmotors.fr/exemples/prix-recharge-climatisation-hyundai-i20/,301,TRUE,FALSE,FALSE
https://redkmotors.fr/exemples/prix-recharge-climatisation-hyundai-tucson,https://redkmotors.fr/exemples/prix-recharge-climatisation-hyundai-tucson/,301,TRUE,FALSE,FALSE
https://redkmotors.fr/exemples/prix-recharge-climatisation-kia-sportage,https://redkmotors.fr/exemples/prix-recharge-climatisation-kia-sportage/,301,TRUE,FALSE,FALSE
https://redkmotors.fr/exemples/prix-recharge-climatisation-mercedes-classe-a,https://redkmotors.fr/exemples/prix-recharge-climatisation-mercedes-classe-a/,301,TRUE,FALSE,FALSE
https://redkmotors.fr/exemples/prix-recharge-climatisation-mercedes-classe-c,https://redkmotors.fr/exemples/prix-recharge-climatisation-mercedes-classe-c/,301,TRUE,FALSE,FALSE
https://redkmotors.fr/exemples/prix-recharge-climatisation-nissan-juke,https://redkmotors.fr/exemples/prix-recharge-climatisation-nissan-juke/,301,TRUE,FALSE,FALSE
https://redkmotors.fr/exemples/prix-recharge-climatisation-nissan-micra,https://redkmotors.fr/exemples/prix-recharge-climatisation-nissan-micra/,301,TRUE,FALSE,FALSE
https://redkmotors.fr/exemples/prix-recharge-climatisation-nissan-qashqai,https://redkmotors.fr/exemples/prix-recharge-climatisation-nissan-qashqai/,301,TRUE,FALSE,FALSE
https://redkmotors.fr/exemples/prix-recharge-climatisation-opel-corsa,https://redkmotors.fr/exemples/prix-recharge-climatisation-opel-corsa/,301,TRUE,FALSE,FALSE
https://redkmotors.fr/exemples/prix-recharge-climatisation-peugeot-108,https://redkmotors.fr/exemples/prix-recharge-climatisation-peugeot-108/,301,TRUE,FALSE,FALSE
https://redkmotors.fr/exemples/prix-recharge-climatisation-peugeot-2008,https://redkmotors.fr/exemples/prix-recharge-climatisation-peugeot-2008/,301,TRUE,FALSE,FALSE
https://redkmotors.fr/exemples/prix-recharge-climatisation-peugeot-207,https://redkmotors.fr/exemples/prix-recharge-climatisation-peugeot-207/,301,TRUE,FALSE,FALSE
https://redkmotors.fr/exemples/prix-recharge-climatisation-peugeot-208,https://redkmotors.fr/exemples/prix-recharge-climatisation-peugeot-208/,301,TRUE,FALSE,FALSE
https://redkmotors.fr/exemples/prix-recharge-climatisation-peugeot-208-puretech,https://redkmotors.fr/exemples/prix-recharge-climatisation-peugeot-208-puretech/,301,TRUE,FALSE,FALSE
https://redkmotors.fr/exemples/prix-recharge-climatisation-peugeot-3008,https://redkmotors.fr/exemples/prix-recharge-climatisation-peugeot-3008/,301,TRUE,FALSE,FALSE
https://redkmotors.fr/exemples/prix-recharge-climatisation-peugeot-307,https://redkmotors.fr/exemples/prix-recharge-climatisation-peugeot-307/,301,TRUE,FALSE,FALSE
https://redkmotors.fr/exemples/prix-recharge-climatisation-peugeot-308,https://redkmotors.fr/exemples/prix-recharge-climatisation-peugeot-308/,301,TRUE,FALSE,FALSE
https://redkmotors.fr/exemples/prix-recharge-climatisation-peugeot-508,https://redkmotors.fr/exemples/prix-recharge-climatisation-peugeot-508/,301,TRUE,FALSE,FALSE
https://redkmotors.fr/exemples/prix-recharge-climatisation-peugeot-partner,https://redkmotors.fr/exemples/prix-recharge-climatisation-peugeot-partner/,301,TRUE,FALSE,FALSE
https://redkmotors.fr/exemples/prix-recharge-climatisation-peugeot-rifter,https://redkmotors.fr/exemples/prix-recharge-climatisation-peugeot-rifter/,301,TRUE,FALSE,FALSE
https://redkmotors.fr/exemples/prix-recharge-climatisation-renault-arkana,https://redkmotors.fr/exemples/prix-recharge-climatisation-renault-arkana/,301,TRUE,FALSE,FALSE
https://redkmotors.fr/exemples/prix-recharge-climatisation-renault-captur,https://redkmotors.fr/exemples/prix-recharge-climatisation-renault-captur/,301,TRUE,FALSE,FALSE
https://redkmotors.fr/exemples/prix-recharge-climatisation-renault-clio-4,https://redkmotors.fr/exemples/prix-recharge-climatisation-renault-clio-4/,301,TRUE,FALSE,FALSE
https://redkmotors.fr/exemples/prix-recharge-climatisation-renault-clio-5,https://redkmotors.fr/exemples/prix-recharge-climatisation-renault-clio-5/,301,TRUE,FALSE,FALSE
https://redkmotors.fr/exemples/prix-recharge-climatisation-renault-kangoo,https://redkmotors.fr/exemples/prix-recharge-climatisation-renault-kangoo/,301,TRUE,FALSE,FALSE
https://redkmotors.fr/exemples/prix-recharge-climatisation-renault-megane-3,https://redkmotors.fr/exemples/prix-recharge-climatisation-renault-megane-3/,301,TRUE,FALSE,FALSE
https://redkmotors.fr/exemples/prix-recharge-climatisation-renault-megane-4,https://redkmotors.fr/exemples/prix-recharge-climatisation-renault-megane-4/,301,TRUE,FALSE,FALSE
https://redkmotors.fr/exemples/prix-recharge-climatisation-renault-scenic,https://redkmotors.fr/exemples/prix-recharge-climatisation-renault-scenic/,301,TRUE,FALSE,FALSE
https://redkmotors.fr/exemples/prix-recharge-climatisation-renault-twingo-3,https://redkmotors.fr/exemples/prix-recharge-climatisation-renault-twingo-3/,301,TRUE,FALSE,FALSE
https://redkmotors.fr/exemples/prix-recharge-climatisation-renault-zoe,https://redkmotors.fr/exemples/prix-recharge-climatisation-renault-zoe/,301,TRUE,FALSE,FALSE
https://redkmotors.fr/exemples/prix-recharge-climatisation-seat-ibiza,https://redkmotors.fr/exemples/prix-recharge-climatisation-seat-ibiza/,301,TRUE,FALSE,FALSE
https://redkmotors.fr/exemples/prix-recharge-climatisation-skoda-octavia,https://redkmotors.fr/exemples/prix-recharge-climatisation-skoda-octavia/,301,TRUE,FALSE,FALSE
https://redkmotors.fr/exemples/prix-recharge-climatisation-toyota-c-hr,https://redkmotors.fr/exemples/prix-recharge-climatisation-toyota-c-hr/,301,TRUE,FALSE,FALSE
https://redkmotors.fr/exemples/prix-recharge-climatisation-toyota-corolla,https://redkmotors.fr/exemples/prix-recharge-climatisation-toyota-corolla/,301,TRUE,FALSE,FALSE
https://redkmotors.fr/exemples/prix-recharge-climatisation-toyota-rav4,https://redkmotors.fr/exemples/prix-recharge-climatisation-toyota-rav4/,301,TRUE,FALSE,FALSE
https://redkmotors.fr/exemples/prix-recharge-climatisation-toyota-yaris,https://redkmotors.fr/exemples/prix-recharge-climatisation-toyota-yaris/,301,TRUE,FALSE,FALSE
https://redkmotors.fr/exemples/prix-recharge-climatisation-volkswagen-golf-7,https://redkmotors.fr/exemples/prix-recharge-climatisation-volkswagen-golf-7/,301,TRUE,FALSE,FALSE
https://redkmotors.fr/exemples/prix-recharge-climatisation-volkswagen-golf-8,https://redkmotors.fr/exemples/prix-recharge-climatisation-volkswagen-golf-8/,301,TRUE,FALSE,FALSE
https://redkmotors.fr/exemples/prix-recharge-climatisation-volkswagen-passat,https://redkmotors.fr/exemples/prix-recharge-climatisation-volkswagen-passat/,301,TRUE,FALSE,FALSE
https://redkmotors.fr/exemples/prix-recharge-climatisation-volkswagen-polo,https://redkmotors.fr/exemples/prix-recharge-climatisation-volkswagen-polo/,301,TRUE,FALSE,FALSE
https://redkmotors.fr/exemples/prix-recharge-climatisation-volkswagen-t-roc,https://redkmotors.fr/exemples/prix-recharge-climatisation-volkswagen-t-roc/,301,TRUE,FALSE,FALSE
https://redkmotors.fr/exemples/prix-recharge-climatisation-volkswagen-tiguan,https://redkmotors.fr/exemples/prix-recharge-climatisation-volkswagen-tiguan/,301,TRUE,FALSE,FALSE
https://redkmotors.fr/exemples/prix-recharge-climatisation-volkswagen-touran,https://redkmotors.fr/exemples/prix-recharge-climatisation-volkswagen-touran/,301,TRUE,FALSE,FALSE
https://redkmotors.fr/exemples/prix-vidange-moteur,https://redkmotors.fr/exemples/prix-vidange-moteur/,301,TRUE,FALSE,FALSE
https://redkmotors.fr/exemples/prix-vidange-moteur-audi-a3,https://redkmotors.fr/exemples/prix-vidange-moteur-audi-a3/,301,TRUE,FALSE,FALSE
https://redkmotors.fr/exemples/prix-vidange-moteur-bmw-serie-1,https://redkmotors.fr/exemples/prix-vidange-moteur-bmw-serie-1/,301,TRUE,FALSE,FALSE
https://redkmotors.fr/exemples/prix-vidange-moteur-bmw-serie-3,https://redkmotors.fr/exemples/prix-vidange-moteur-bmw-serie-3/,301,TRUE,FALSE,FALSE
https://redkmotors.fr/exemples/prix-vidange-moteur-citroen-berlingo,https://redkmotors.fr/exemples/prix-vidange-moteur-citroen-berlingo/,301,TRUE,FALSE,FALSE
https://redkmotors.fr/exemples/prix-vidange-moteur-citroen-c1,https://redkmotors.fr/exemples/prix-vidange-moteur-citroen-c1/,301,TRUE,FALSE,FALSE
https://redkmotors.fr/exemples/prix-vidange-moteur-citroen-c3,https://redkmotors.fr/exemples/prix-vidange-moteur-citroen-c3/,301,TRUE,FALSE,FALSE
https://redkmotors.fr/exemples/prix-vidange-moteur-citroen-c3-aircross,https://redkmotors.fr/exemples/prix-vidange-moteur-citroen-c3-aircross/,301,TRUE,FALSE,FALSE
https://redkmotors.fr/exemples/prix-vidange-moteur-citroen-c4,https://redkmotors.fr/exemples/prix-vidange-moteur-citroen-c4/,301,TRUE,FALSE,FALSE
https://redkmotors.fr/exemples/prix-vidange-moteur-citroen-c5-aircross,https://redkmotors.fr/exemples/prix-vidange-moteur-citroen-c5-aircross/,301,TRUE,FALSE,FALSE
https://redkmotors.fr/exemples/prix-vidange-moteur-dacia-duster,https://redkmotors.fr/exemples/prix-vidange-moteur-dacia-duster/,301,TRUE,FALSE,FALSE
https://redkmotors.fr/exemples/prix-vidange-moteur-dacia-logan,https://redkmotors.fr/exemples/prix-vidange-moteur-dacia-logan/,301,TRUE,FALSE,FALSE
https://redkmotors.fr/exemples/prix-vidange-moteur-dacia-sandero,https://redkmotors.fr/exemples/prix-vidange-moteur-dacia-sandero/,301,TRUE,FALSE,FALSE
https://redkmotors.fr/exemples/prix-vidange-moteur-fiat-500,https://redkmotors.fr/exemples/prix-vidange-moteur-fiat-500/,301,TRUE,FALSE,FALSE
https://redkmotors.fr/exemples/prix-vidange-moteur-ford-fiesta,https://redkmotors.fr/exemples/prix-vidange-moteur-ford-fiesta/,301,TRUE,FALSE,FALSE
https://redkmotors.fr/exemples/prix-vidange-moteur-ford-focus,https://redkmotors.fr/exemples/prix-vidange-moteur-ford-focus/,301,TRUE,FALSE,FALSE
https://redkmotors.fr/exemples/prix-vidange-moteur-ford-puma,https://redkmotors.fr/exemples/prix-vidange-moteur-ford-puma/,301,TRUE,FALSE,FALSE
https://redkmotors.fr/exemples/prix-vidange-moteur-hyundai-i20,https://redkmotors.fr/exemples/prix-vidange-moteur-hyundai-i20/,301,TRUE,FALSE,FALSE
https://redkmotors.fr/exemples/prix-vidange-moteur-hyundai-tucson,https://redkmotors.fr/exemples/prix-vidange-moteur-hyundai-tucson/,301,TRUE,FALSE,FALSE
https://redkmotors.fr/exemples/prix-vidange-moteur-kia-sportage,https://redkmotors.fr/exemples/prix-vidange-moteur-kia-sportage/,301,TRUE,FALSE,FALSE
https://redkmotors.fr/exemples/prix-vidange-moteur-mercedes-classe-a,https://redkmotors.fr/exemples/prix-vidange-moteur-mercedes-classe-a/,301,TRUE,FALSE,FALSE
https://redkmotors.fr/exemples/prix-vidange-moteur-mercedes-classe-c,https://redkmotors.fr/exemples/prix-vidange-moteur-mercedes-classe-c/,301,TRUE,FALSE,FALSE
https://redkmotors.fr/exemples/prix-vidange-moteur-nissan-juke,https://redkmotors.fr/exemples/prix-vidange-moteur-nissan-juke/,301,TRUE,FALSE,FALSE
https://redkmotors.fr/exemples/prix-vidange-moteur-nissan-micra,https://redkmotors.fr/exemples/prix-vidange-moteur-nissan-micra/,301,TRUE,FALSE,FALSE
https://redkmotors.fr/exemples/prix-vidange-moteur-nissan-qashqai,https://redkmotors.fr/exemples/prix-vidange-moteur-nissan-qashqai/,301,TRUE,FALSE,FALSE
https://redkmotors.fr/exemples/prix-vidange-moteur-opel-corsa,https://redkmotors.fr/exemples/prix-vidange-moteur-opel-corsa/,301,TRUE,FALSE,FALSE
https://redkmotors.fr/exemples/prix-vidange-moteur-peugeot-108,https://redkmotors.fr/exemples/prix-vidange-moteur-peugeot-108/,301,TRUE,FALSE,FALSE
https://redkmotors.fr/exemples/prix-vidange-moteur-peugeot-2008,https://redkmotors.fr/exemples/prix-vidange-moteur-peugeot-2008/,301,TRUE,FALSE,FALSE
https://redkmotors.fr/exemples/prix-vidange-moteur-peugeot-207,https://redkmotors.fr/exemples/prix-vidange-moteur-peugeot-207/,301,TRUE,FALSE,FALSE
https://redkmotors.fr/exemples/prix-vidange-moteur-peugeot-208,https://redkmotors.fr/exemples/prix-vidange-moteur-peugeot-208/,301,TRUE,FALSE,FALSE
https://redkmotors.fr/exemples/prix-vidange-moteur-peugeot-208-puretech,https://redkmotors.fr/exemples/prix-vidange-moteur-peugeot-208-puretech/,301,TRUE,FALSE,FALSE
https://redkmotors.fr/exemples/prix-vidange-moteur-peugeot-3008,https://redkmotors.fr/exemples/prix-vidange-moteur-peugeot-3008/,301,TRUE,FALSE,FALSE
https://redkmotors.fr/exemples/prix-vidange-moteur-peugeot-307,https://redkmotors.fr/exemples/prix-vidange-moteur-peugeot-307/,301,TRUE,FALSE,FALSE
https://redkmotors.fr/exemples/prix-vidange-moteur-peugeot-308,https://redkmotors.fr/exemples/prix-vidange-moteur-peugeot-308/,301,TRUE,FALSE,FALSE
https://redkmotors.fr/exemples/prix-vidange-moteur-peugeot-508,https://redkmotors.fr/exemples/prix-vidange-moteur-peugeot-508/,301,TRUE,FALSE,FALSE
https://redkmotors.fr/exemples/prix-vidange-moteur-peugeot-partner,https://redkmotors.fr/exemples/prix-vidange-moteur-peugeot-partner/,301,TRUE,FALSE,FALSE
https://redkmotors.fr/exemples/prix-vidange-moteur-peugeot-rifter,https://redkmotors.fr/exemples/prix-vidange-moteur-peugeot-rifter/,301,TRUE,FALSE,FALSE
https://redkmotors.fr/exemples/prix-vidange-moteur-renault-arkana,https://redkmotors.fr/exemples/prix-vidange-moteur-renault-arkana/,301,TRUE,FALSE,FALSE
https://redkmotors.fr/exemples/prix-vidange-moteur-renault-captur,https://redkmotors.fr/exemples/prix-vidange-moteur-renault-captur/,301,TRUE,FALSE,FALSE
https://redkmotors.fr/exemples/prix-vidange-moteur-renault-clio-4,https://redkmotors.fr/exemples/prix-vidange-moteur-renault-clio-4/,301,TRUE,FALSE,FALSE
https://redkmotors.fr/exemples/prix-vidange-moteur-renault-clio-5,https://redkmotors.fr/exemples/prix-vidange-moteur-renault-clio-5/,301,TRUE,FALSE,FALSE
https://redkmotors.fr/exemples/prix-vidange-moteur-renault-kangoo,https://redkmotors.fr/exemples/prix-vidange-moteur-renault-kangoo/,301,TRUE,FALSE,FALSE
https://redkmotors.fr/exemples/prix-vidange-moteur-renault-megane-3,https://redkmotors.fr/exemples/prix-vidange-moteur-renault-megane-3/,301,TRUE,FALSE,FALSE
https://redkmotors.fr/exemples/prix-vidange-moteur-renault-megane-4,https://redkmotors.fr/exemples/prix-vidange-moteur-renault-megane-4/,301,TRUE,FALSE,FALSE
https://redkmotors.fr/exemples/prix-vidange-moteur-renault-scenic,https://redkmotors.fr/exemples/prix-vidange-moteur-renault-scenic/,301,TRUE,FALSE,FALSE
https://redkmotors.fr/exemples/prix-vidange-moteur-renault-twingo-3,https://redkmotors.fr/exemples/prix-vidange-moteur-renault-twingo-3/,301,TRUE,FALSE,FALSE
https://redkmotors.fr/exemples/prix-vidange-moteur-renault-zoe,https://redkmotors.fr/exemples/prix-vidange-moteur-renault-zoe/,301,TRUE,FALSE,FALSE
https://redkmotors.fr/exemples/prix-vidange-moteur-seat-ibiza,https://redkmotors.fr/exemples/prix-vidange-moteur-seat-ibiza/,301,TRUE,FALSE,FALSE
https://redkmotors.fr/exemples/prix-vidange-moteur-skoda-octavia,https://redkmotors.fr/exemples/prix-vidange-moteur-skoda-octavia/,301,TRUE,FALSE,FALSE
https://redkmotors.fr/exemples/prix-vidange-moteur-toyota-c-hr,https://redkmotors.fr/exemples/prix-vidange-moteur-toyota-c-hr/,301,TRUE,FALSE,FALSE
https://redkmotors.fr/exemples/prix-vidange-moteur-toyota-corolla,https://redkmotors.fr/exemples/prix-vidange-moteur-toyota-corolla/,301,TRUE,FALSE,FALSE
https://redkmotors.fr/exemples/prix-vidange-moteur-toyota-rav4,https://redkmotors.fr/exemples/prix-vidange-moteur-toyota-rav4/,301,TRUE,FALSE,FALSE
https://redkmotors.fr/exemples/prix-vidange-moteur-toyota-yaris,https://redkmotors.fr/exemples/prix-vidange-moteur-toyota-yaris/,301,TRUE,FALSE,FALSE
https://redkmotors.fr/exemples/prix-vidange-moteur-volkswagen-golf-7,https://redkmotors.fr/exemples/prix-vidange-moteur-volkswagen-golf-7/,301,TRUE,FALSE,FALSE
https://redkmotors.fr/exemples/prix-vidange-moteur-volkswagen-golf-8,https://redkmotors.fr/exemples/prix-vidange-moteur-volkswagen-golf-8/,301,TRUE,FALSE,FALSE
https://redkmotors.fr/exemples/prix-vidange-moteur-volkswagen-passat,https://redkmotors.fr/exemples/prix-vidange-moteur-volkswagen-passat/,301,TRUE,FALSE,FALSE
https://redkmotors.fr/exemples/prix-vidange-moteur-volkswagen-polo,https://redkmotors.fr/exemples/prix-vidange-moteur-volkswagen-polo/,301,TRUE,FALSE,FALSE
https://redkmotors.fr/exemples/prix-vidange-moteur-volkswagen-t-roc,https://redkmotors.fr/exemples/prix-vidange-moteur-volkswagen-t-roc/,301,TRUE,FALSE,FALSE
https://redkmotors.fr/exemples/prix-vidange-moteur-volkswagen-tiguan,https://redkmotors.fr/exemples/prix-vidange-moteur-volkswagen-tiguan/,301,TRUE,FALSE,FALSE
https://redkmotors.fr/exemples/prix-vidange-moteur-volkswagen-touran,https://redkmotors.fr/exemples/prix-vidange-moteur-volkswagen-touran/,301,TRUE,FALSE,FALSE
https://redkmotors.fr/freins,https://redkmotors.fr/freins/,301,TRUE,FALSE,FALSE
https://redkmotors.fr/garage-chauffeur-prive-paris,https://redkmotors.fr/garage-chauffeur-prive-paris/,301,TRUE,FALSE,FALSE
https://redkmotors.fr/garage-flotte-entreprise-94,https://redkmotors.fr/garage-flotte-entreprise-94/,301,TRUE,FALSE,FALSE
https://redkmotors.fr/garage-ivry-sur-seine,https://redkmotors.fr/garage-ivry-sur-seine/,301,TRUE,FALSE,FALSE
https://redkmotors.fr/garage-ouvert-samedi-94,https://redkmotors.fr/garage-ouvert-samedi-94/,301,TRUE,FALSE,FALSE
https://redkmotors.fr/garage-pneus-freins-94,https://redkmotors.fr/garage-pneus-freins-94/,301,TRUE,FALSE,FALSE
https://redkmotors.fr/garage-taxi-charenton-le-pont,https://redkmotors.fr/garage-taxi-charenton-le-pont/,301,TRUE,FALSE,FALSE
https://redkmotors.fr/garage-taxi-choisy-le-roi,https://redkmotors.fr/garage-taxi-choisy-le-roi/,301,TRUE,FALSE,FALSE
https://redkmotors.fr/garage-taxi-paris,https://redkmotors.fr/garage-taxi-paris/,301,TRUE,FALSE,FALSE
https://redkmotors.fr/garage-taxi-vitry-sur-seine,https://redkmotors.fr/garage-taxi-vitry-sur-seine/,301,TRUE,FALSE,FALSE
https://redkmotors.fr/garage-urgence-94,https://redkmotors.fr/garage-urgence-94/,301,TRUE,FALSE,FALSE
https://redkmotors.fr/garage-voiture-uber-paris,https://redkmotors.fr/garage-voiture-uber-paris/,301,TRUE,FALSE,FALSE
https://redkmotors.fr/garage-vtc-charenton-le-pont,https://redkmotors.fr/garage-vtc-charenton-le-pont/,301,TRUE,FALSE,FALSE
https://redkmotors.fr/garage-vtc-choisy-le-roi,https://redkmotors.fr/garage-vtc-choisy-le-roi/,301,TRUE,FALSE,FALSE
https://redkmotors.fr/garage-vtc-paris,https://redkmotors.fr/garage-vtc-paris/,301,TRUE,FALSE,FALSE
https://redkmotors.fr/garage-vtc-vitry-sur-seine,https://redkmotors.fr/garage-vtc-vitry-sur-seine/,301,TRUE,FALSE,FALSE
https://redkmotors.fr/kremlin-bicetre,https://redkmotors.fr/kremlin-bicetre/,301,TRUE,FALSE,FALSE
https://redkmotors.fr/links,https://redkmotors.fr/links/,301,TRUE,FALSE,FALSE
https://redkmotors.fr/location,https://redkmotors.fr/location/,301,TRUE,FALSE,FALSE
https://redkmotors.fr/maisons-alfort,https://redkmotors.fr/maisons-alfort/,301,TRUE,FALSE,FALSE
https://redkmotors.fr/mecanicien-rapide-ivry,https://redkmotors.fr/mecanicien-rapide-ivry/,301,TRUE,FALSE,FALSE
https://redkmotors.fr/mecanique,https://redkmotors.fr/mecanique/,301,TRUE,FALSE,FALSE
https://redkmotors.fr/mecanique-rapide-ivry-sur-seine,https://redkmotors.fr/mecanique-rapide-ivry-sur-seine/,301,TRUE,FALSE,FALSE
https://redkmotors.fr/mentions-legales,https://redkmotors.fr/mentions-legales/,301,TRUE,FALSE,FALSE
https://redkmotors.fr/merci,https://redkmotors.fr/merci/,301,TRUE,FALSE,FALSE
https://redkmotors.fr/pare-brise,https://redkmotors.fr/pare-brise/,301,TRUE,FALSE,FALSE
https://redkmotors.fr/paris-13,https://redkmotors.fr/paris-13/,301,TRUE,FALSE,FALSE
https://redkmotors.fr/perte-puissance-voiture-94,https://redkmotors.fr/perte-puissance-voiture-94/,301,TRUE,FALSE,FALSE
https://redkmotors.fr/pneumatiques,https://redkmotors.fr/pneumatiques/,301,TRUE,FALSE,FALSE
https://redkmotors.fr/prestations,https://redkmotors.fr/prestations/,301,TRUE,FALSE,FALSE
https://redkmotors.fr/prestations/amortisseurs,https://redkmotors.fr/prestations/amortisseurs/,301,TRUE,FALSE,FALSE
https://redkmotors.fr/prestations/cardans,https://redkmotors.fr/prestations/cardans/,301,TRUE,FALSE,FALSE
https://redkmotors.fr/prestations/changement-bougies,https://redkmotors.fr/prestations/changement-bougies/,301,TRUE,FALSE,FALSE
https://redkmotors.fr/prestations/controle-alternateur,https://redkmotors.fr/prestations/controle-alternateur/,301,TRUE,FALSE,FALSE
https://redkmotors.fr/prestations/controle-compresseur,https://redkmotors.fr/prestations/controle-compresseur/,301,TRUE,FALSE,FALSE
https://redkmotors.fr/prestations/coupelles-triangles,https://redkmotors.fr/prestations/coupelles-triangles/,301,TRUE,FALSE,FALSE
https://redkmotors.fr/prestations/courroie-accessoires,https://redkmotors.fr/prestations/courroie-accessoires/,301,TRUE,FALSE,FALSE
https://redkmotors.fr/prestations/debosselage,https://redkmotors.fr/prestations/debosselage/,301,TRUE,FALSE,FALSE
https://redkmotors.fr/prestations/decalaminage-moteur,https://redkmotors.fr/prestations/decalaminage-moteur/,301,TRUE,FALSE,FALSE
https://redkmotors.fr/prestations/demarreur,https://redkmotors.fr/prestations/demarreur/,301,TRUE,FALSE,FALSE
https://redkmotors.fr/prestations/desinfection-circuit-clim,https://redkmotors.fr/prestations/desinfection-circuit-clim/,301,TRUE,FALSE,FALSE
https://redkmotors.fr/prestations/diagnostic-abs,https://redkmotors.fr/prestations/diagnostic-abs/,301,TRUE,FALSE,FALSE
https://redkmotors.fr/prestations/diagnostic-electronique,https://redkmotors.fr/prestations/diagnostic-electronique/,301,TRUE,FALSE,FALSE
https://redkmotors.fr/prestations/diagnostic-securite,https://redkmotors.fr/prestations/diagnostic-securite/,301,TRUE,FALSE,FALSE
https://redkmotors.fr/prestations/diagnostic-voyant-moteur,https://redkmotors.fr/prestations/diagnostic-voyant-moteur/,301,TRUE,FALSE,FALSE
https://redkmotors.fr/prestations/distribution-injection,https://redkmotors.fr/prestations/distribution-injection/,301,TRUE,FALSE,FALSE
https://redkmotors.fr/prestations/embrayage,https://redkmotors.fr/prestations/embrayage/,301,TRUE,FALSE,FALSE
https://redkmotors.fr/prestations/filtre-habitacle,https://redkmotors.fr/prestations/filtre-habitacle/,301,TRUE,FALSE,FALSE
https://redkmotors.fr/prestations/geometrie,https://redkmotors.fr/prestations/geometrie/,301,TRUE,FALSE,FALSE
https://redkmotors.fr/prestations/injecteurs,https://redkmotors.fr/prestations/injecteurs/,301,TRUE,FALSE,FALSE
https://redkmotors.fr/prestations/kit-roulement-arriere,https://redkmotors.fr/prestations/kit-roulement-arriere/,301,TRUE,FALSE,FALSE
https://redkmotors.fr/prestations/liquide-refroidissement,https://redkmotors.fr/prestations/liquide-refroidissement/,301,TRUE,FALSE,FALSE
https://redkmotors.fr/prestations/montage-equilibrage,https://redkmotors.fr/prestations/montage-equilibrage/,301,TRUE,FALSE,FALSE
https://redkmotors.fr/prestations/pare-brise-vitrage,https://redkmotors.fr/prestations/pare-brise-vitrage/,301,TRUE,FALSE,FALSE
https://redkmotors.fr/prestations/peinture-localisee,https://redkmotors.fr/prestations/peinture-localisee/,301,TRUE,FALSE,FALSE
https://redkmotors.fr/prestations/permutation-pneus,https://redkmotors.fr/prestations/permutation-pneus/,301,TRUE,FALSE,FALSE
https://redkmotors.fr/prestations/plaquettes-disques,https://redkmotors.fr/prestations/plaquettes-disques/,301,TRUE,FALSE,FALSE
https://redkmotors.fr/prestations/pre-controle-technique,https://redkmotors.fr/prestations/pre-controle-technique/,301,TRUE,FALSE,FALSE
https://redkmotors.fr/prestations/purge-liquide-frein,https://redkmotors.fr/prestations/purge-liquide-frein/,301,TRUE,FALSE,FALSE
https://redkmotors.fr/prestations/recharge-clim,https://redkmotors.fr/prestations/recharge-clim/,301,TRUE,FALSE,FALSE
https://redkmotors.fr/prestations/recherche-de-panne,https://redkmotors.fr/prestations/recherche-de-panne/,301,TRUE,FALSE,FALSE
https://redkmotors.fr/prestations/remplacement-batterie,https://redkmotors.fr/prestations/remplacement-batterie/,301,TRUE,FALSE,FALSE
https://redkmotors.fr/prestations/reparation-crevaison,https://redkmotors.fr/prestations/reparation-crevaison/,301,TRUE,FALSE,FALSE
https://redkmotors.fr/prestations/retouches-finitions,https://redkmotors.fr/prestations/retouches-finitions/,301,TRUE,FALSE,FALSE
https://redkmotors.fr/prestations/revision-entretien,https://redkmotors.fr/prestations/revision-entretien/,301,TRUE,FALSE,FALSE
https://redkmotors.fr/prestations/rotule-direction,https://redkmotors.fr/prestations/rotule-direction/,301,TRUE,FALSE,FALSE
https://redkmotors.fr/prestations/test-batterie,https://redkmotors.fr/prestations/test-batterie/,301,TRUE,FALSE,FALSE
https://redkmotors.fr/prestations/vanne-egr,https://redkmotors.fr/prestations/vanne-egr/,301,TRUE,FALSE,FALSE
https://redkmotors.fr/prestations/vidange-boite,https://redkmotors.fr/prestations/vidange-boite/,301,TRUE,FALSE,FALSE
https://redkmotors.fr/prestations/vidange-moteur,https://redkmotors.fr/prestations/vidange-moteur/,301,TRUE,FALSE,FALSE
https://redkmotors.fr/processus,https://redkmotors.fr/processus/,301,TRUE,FALSE,FALSE
https://redkmotors.fr/professionnels,https://redkmotors.fr/professionnels/,301,TRUE,FALSE,FALSE
https://redkmotors.fr/professionnels/artisans-flottes,https://redkmotors.fr/professionnels/artisans-flottes/,301,TRUE,FALSE,FALSE
https://redkmotors.fr/professionnels/auto-ecoles,https://redkmotors.fr/professionnels/auto-ecoles/,301,TRUE,FALSE,FALSE
https://redkmotors.fr/professionnels/autres-professionnels,https://redkmotors.fr/professionnels/autres-professionnels/,301,TRUE,FALSE,FALSE
https://redkmotors.fr/professionnels/chauffeurs-livreurs,https://redkmotors.fr/professionnels/chauffeurs-livreurs/,301,TRUE,FALSE,FALSE
https://redkmotors.fr/professionnels/taxis-vtc,https://redkmotors.fr/professionnels/taxis-vtc/,301,TRUE,FALSE,FALSE
https://redkmotors.fr/reparation-auto-paris-sud,https://redkmotors.fr/reparation-auto-paris-sud/,301,TRUE,FALSE,FALSE
https://redkmotors.fr/reparation-climatisation-ivry,https://redkmotors.fr/reparation-climatisation-ivry/,301,TRUE,FALSE,FALSE
https://redkmotors.fr/revision-auto-choisy-le-roi,https://redkmotors.fr/revision-auto-choisy-le-roi/,301,TRUE,FALSE,FALSE
https://redkmotors.fr/revision-auto-val-de-marne,https://redkmotors.fr/revision-auto-val-de-marne/,301,TRUE,FALSE,FALSE
https://redkmotors.fr/revision-auto-vitry-sur-seine,https://redkmotors.fr/revision-auto-vitry-sur-seine/,301,TRUE,FALSE,FALSE
https://redkmotors.fr/revision-rapide-94,https://redkmotors.fr/revision-rapide-94/,301,TRUE,FALSE,FALSE
https://redkmotors.fr/revision-voiture-ivry,https://redkmotors.fr/revision-voiture-ivry/,301,TRUE,FALSE,FALSE
https://redkmotors.fr/tarifs,https://redkmotors.fr/tarifs/,301,TRUE,FALSE,FALSE
https://redkmotors.fr/tremblement-volant-autoroute-94,https://redkmotors.fr/tremblement-volant-autoroute-94/,301,TRUE,FALSE,FALSE
https://redkmotors.fr/vidange,https://redkmotors.fr/vidange/,301,TRUE,FALSE,FALSE
https://redkmotors.fr/vidange-rapide-ivry,https://redkmotors.fr/vidange-rapide-ivry/,301,TRUE,FALSE,FALSE
https://redkmotors.fr/villejuif,https://redkmotors.fr/villejuif/,301,TRUE,FALSE,FALSE
https://redkmotors.fr/vitry-sur-seine,https://redkmotors.fr/vitry-sur-seine/,301,TRUE,FALSE,FALSE
https://redkmotors.fr/voiture-ne-demarre-plus-94,https://redkmotors.fr/voiture-ne-demarre-plus-94/,301,TRUE,FALSE,FALSE
https://redkmotors.fr/voyant-abs-allume-94,https://redkmotors.fr/voyant-abs-allume-94/,301,TRUE,FALSE,FALSE
